<annotation>
	<folder>gun</folder>
	<filename>armas (1482).jpg</filename>
	<path>demo/gun\armas (1482).jpg</path>
	<source>
		<database>Unknown</database>
	</source>
	<size>
		<width>500</width>
		<height>377</height>
		<depth>3</depth>
	</size>
	<segmented>0</segmented>
	<object>
		<name>gun</name>
		<pose>Unspecified</pose>
		<truncated>0</truncated>
		<difficult>0</difficult>
		<bndbox>
			<xmin>4</xmin>
			<ymin>21</ymin>
			<xmax>489</xmax>
			<ymax>336</ymax>
		</bndbox>
	</object>
</annotation>
