<annotation>
	<folder>gun</folder>
	<filename>armas (1176).jpg</filename>
	<path>demo/gun\armas (1176).jpg</path>
	<source>
		<database>Unknown</database>
	</source>
	<size>
		<width>1280</width>
		<height>960</height>
		<depth>3</depth>
	</size>
	<segmented>0</segmented>
	<object>
		<name>gun</name>
		<pose>Unspecified</pose>
		<truncated>0</truncated>
		<difficult>0</difficult>
		<bndbox>
			<xmin>130</xmin>
			<ymin>138</ymin>
			<xmax>1230</xmax>
			<ymax>843</ymax>
		</bndbox>
	</object>
</annotation>
