<annotation>
	<folder>gun</folder>
	<filename>armas (117).jpg</filename>
	<path>demo/gun\armas (117).jpg</path>
	<source>
		<database>Unknown</database>
	</source>
	<size>
		<width>113</width>
		<height>168</height>
		<depth>3</depth>
	</size>
	<segmented>0</segmented>
	<object>
		<name>gun</name>
		<pose>Unspecified</pose>
		<truncated>0</truncated>
		<difficult>0</difficult>
		<bndbox>
			<xmin>20</xmin>
			<ymin>68</ymin>
			<xmax>54</xmax>
			<ymax>94</ymax>
		</bndbox>
	</object>
</annotation>
