<annotation>
	<folder>gun</folder>
	<filename>armas (1173).jpg</filename>
	<path>demo/gun\armas (1173).jpg</path>
	<source>
		<database>Unknown</database>
	</source>
	<size>
		<width>523</width>
		<height>350</height>
		<depth>3</depth>
	</size>
	<segmented>0</segmented>
	<object>
		<name>gun</name>
		<pose>Unspecified</pose>
		<truncated>0</truncated>
		<difficult>0</difficult>
		<bndbox>
			<xmin>34</xmin>
			<ymin>8</ymin>
			<xmax>477</xmax>
			<ymax>332</ymax>
		</bndbox>
	</object>
</annotation>
