<annotation>
	<folder>gun</folder>
	<filename>armas (1957).jpg</filename>
	<path>demo/gun\armas (1957).jpg</path>
	<source>
		<database>Unknown</database>
	</source>
	<size>
		<width>1001</width>
		<height>1600</height>
		<depth>3</depth>
	</size>
	<segmented>0</segmented>
	<object>
		<name>gun</name>
		<pose>Unspecified</pose>
		<truncated>0</truncated>
		<difficult>0</difficult>
		<bndbox>
			<xmin>159</xmin>
			<ymin>728</ymin>
			<xmax>595</xmax>
			<ymax>873</ymax>
		</bndbox>
	</object>
</annotation>
