<annotation>
	<folder>gun</folder>
	<filename>armas (2149).jpg</filename>
	<path>demo/gun\armas (2149).jpg</path>
	<source>
		<database>Unknown</database>
	</source>
	<size>
		<width>731</width>
		<height>1024</height>
		<depth>3</depth>
	</size>
	<segmented>0</segmented>
	<object>
		<name>gun</name>
		<pose>Unspecified</pose>
		<truncated>0</truncated>
		<difficult>0</difficult>
		<bndbox>
			<xmin>61</xmin>
			<ymin>106</ymin>
			<xmax>205</xmax>
			<ymax>210</ymax>
		</bndbox>
	</object>
</annotation>
