<annotation>
	<folder>gun</folder>
	<filename>armas (1883).jpg</filename>
	<path>demo/gun\armas (1883).jpg</path>
	<source>
		<database>Unknown</database>
	</source>
	<size>
		<width>480</width>
		<height>274</height>
		<depth>3</depth>
	</size>
	<segmented>0</segmented>
	<object>
		<name>gun</name>
		<pose>Unspecified</pose>
		<truncated>1</truncated>
		<difficult>0</difficult>
		<bndbox>
			<xmin>1</xmin>
			<ymin>2</ymin>
			<xmax>479</xmax>
			<ymax>273</ymax>
		</bndbox>
	</object>
</annotation>
