<annotation>
	<folder>gun</folder>
	<filename>armas (2068).jpg</filename>
	<path>demo/gun\armas (2068).jpg</path>
	<source>
		<database>Unknown</database>
	</source>
	<size>
		<width>1024</width>
		<height>650</height>
		<depth>3</depth>
	</size>
	<segmented>0</segmented>
	<object>
		<name>gun</name>
		<pose>Unspecified</pose>
		<truncated>0</truncated>
		<difficult>0</difficult>
		<bndbox>
			<xmin>350</xmin>
			<ymin>122</ymin>
			<xmax>641</xmax>
			<ymax>323</ymax>
		</bndbox>
	</object>
</annotation>
