<annotation>
	<folder>gun</folder>
	<filename>armas (2150).jpg</filename>
	<path>demo/gun\armas (2150).jpg</path>
	<source>
		<database>Unknown</database>
	</source>
	<size>
		<width>1024</width>
		<height>944</height>
		<depth>3</depth>
	</size>
	<segmented>0</segmented>
	<object>
		<name>gun</name>
		<pose>Unspecified</pose>
		<truncated>0</truncated>
		<difficult>0</difficult>
		<bndbox>
			<xmin>118</xmin>
			<ymin>36</ymin>
			<xmax>909</xmax>
			<ymax>930</ymax>
		</bndbox>
	</object>
</annotation>
