<annotation>
	<folder>gun</folder>
	<filename>armas (1752).jpg</filename>
	<path>demo/gun\armas (1752).jpg</path>
	<source>
		<database>Unknown</database>
	</source>
	<size>
		<width>600</width>
		<height>450</height>
		<depth>3</depth>
	</size>
	<segmented>0</segmented>
	<object>
		<name>gun</name>
		<pose>Unspecified</pose>
		<truncated>0</truncated>
		<difficult>0</difficult>
		<bndbox>
			<xmin>155</xmin>
			<ymin>53</ymin>
			<xmax>528</xmax>
			<ymax>315</ymax>
		</bndbox>
	</object>
</annotation>
