<annotation>
	<folder>gun</folder>
	<filename>armas (2087).jpg</filename>
	<path>demo/gun\armas (2087).jpg</path>
	<source>
		<database>Unknown</database>
	</source>
	<size>
		<width>600</width>
		<height>420</height>
		<depth>3</depth>
	</size>
	<segmented>0</segmented>
	<object>
		<name>gun</name>
		<pose>Unspecified</pose>
		<truncated>0</truncated>
		<difficult>0</difficult>
		<bndbox>
			<xmin>88</xmin>
			<ymin>119</ymin>
			<xmax>184</xmax>
			<ymax>195</ymax>
		</bndbox>
	</object>
</annotation>
