<annotation>
	<folder>gun</folder>
	<filename>armas (2108).jpg</filename>
	<path>demo/gun\armas (2108).jpg</path>
	<source>
		<database>Unknown</database>
	</source>
	<size>
		<width>1680</width>
		<height>1121</height>
		<depth>3</depth>
	</size>
	<segmented>0</segmented>
	<object>
		<name>gun</name>
		<pose>Unspecified</pose>
		<truncated>0</truncated>
		<difficult>0</difficult>
		<bndbox>
			<xmin>73</xmin>
			<ymin>26</ymin>
			<xmax>1514</xmax>
			<ymax>1066</ymax>
		</bndbox>
	</object>
</annotation>
