<annotation>
	<folder>gun</folder>
	<filename>armas (1012).jpg</filename>
	<path>demo/gun\armas (1012).jpg</path>
	<source>
		<database>Unknown</database>
	</source>
	<size>
		<width>183</width>
		<height>275</height>
		<depth>3</depth>
	</size>
	<segmented>0</segmented>
	<object>
		<name>gun</name>
		<pose>Unspecified</pose>
		<truncated>0</truncated>
		<difficult>0</difficult>
		<bndbox>
			<xmin>14</xmin>
			<ymin>13</ymin>
			<xmax>169</xmax>
			<ymax>250</ymax>
		</bndbox>
	</object>
</annotation>
