<annotation>
	<folder>gun</folder>
	<filename>armas (2089).jpg</filename>
	<path>demo/gun\armas (2089).jpg</path>
	<source>
		<database>Unknown</database>
	</source>
	<size>
		<width>1000</width>
		<height>639</height>
		<depth>3</depth>
	</size>
	<segmented>0</segmented>
	<object>
		<name>gun</name>
		<pose>Unspecified</pose>
		<truncated>0</truncated>
		<difficult>0</difficult>
		<bndbox>
			<xmin>421</xmin>
			<ymin>76</ymin>
			<xmax>629</xmax>
			<ymax>270</ymax>
		</bndbox>
	</object>
</annotation>
