<annotation>
	<folder>gun</folder>
	<filename>armas (148).jpg</filename>
	<path>demo/gun\armas (148).jpg</path>
	<source>
		<database>Unknown</database>
	</source>
	<size>
		<width>866</width>
		<height>1300</height>
		<depth>3</depth>
	</size>
	<segmented>0</segmented>
	<object>
		<name>gun</name>
		<pose>Unspecified</pose>
		<truncated>0</truncated>
		<difficult>0</difficult>
		<bndbox>
			<xmin>423</xmin>
			<ymin>726</ymin>
			<xmax>752</xmax>
			<ymax>1299</ymax>
		</bndbox>
	</object>
</annotation>
