<annotation>
	<folder>gun</folder>
	<filename>armas (1208).jpg</filename>
	<path>demo/gun\armas (1208).jpg</path>
	<source>
		<database>Unknown</database>
	</source>
	<size>
		<width>590</width>
		<height>441</height>
		<depth>3</depth>
	</size>
	<segmented>0</segmented>
	<object>
		<name>gun</name>
		<pose>Unspecified</pose>
		<truncated>0</truncated>
		<difficult>0</difficult>
		<bndbox>
			<xmin>128</xmin>
			<ymin>151</ymin>
			<xmax>561</xmax>
			<ymax>420</ymax>
		</bndbox>
	</object>
	<object>
		<name>gun</name>
		<pose>Unspecified</pose>
		<truncated>0</truncated>
		<difficult>0</difficult>
		<bndbox>
			<xmin>17</xmin>
			<ymin>3</ymin>
			<xmax>417</xmax>
			<ymax>336</ymax>
		</bndbox>
	</object>
</annotation>
