<annotation>
	<folder>gun</folder>
	<filename>armas (1206).jpg</filename>
	<path>demo/gun\armas (1206).jpg</path>
	<source>
		<database>Unknown</database>
	</source>
	<size>
		<width>590</width>
		<height>416</height>
		<depth>3</depth>
	</size>
	<segmented>0</segmented>
	<object>
		<name>gun</name>
		<pose>Unspecified</pose>
		<truncated>0</truncated>
		<difficult>0</difficult>
		<bndbox>
			<xmin>188</xmin>
			<ymin>11</ymin>
			<xmax>567</xmax>
			<ymax>269</ymax>
		</bndbox>
	</object>
	<object>
		<name>gun</name>
		<pose>Unspecified</pose>
		<truncated>1</truncated>
		<difficult>0</difficult>
		<bndbox>
			<xmin>1</xmin>
			<ymin>184</ymin>
			<xmax>387</xmax>
			<ymax>401</ymax>
		</bndbox>
	</object>
</annotation>
