<annotation>
	<folder>gun</folder>
	<filename>armas (2811).jpg</filename>
	<path>demo/gun\armas (2811).jpg</path>
	<source>
		<database>Unknown</database>
	</source>
	<size>
		<width>728</width>
		<height>546</height>
		<depth>3</depth>
	</size>
	<segmented>0</segmented>
	<object>
		<name>gun</name>
		<pose>Unspecified</pose>
		<truncated>0</truncated>
		<difficult>0</difficult>
		<bndbox>
			<xmin>201</xmin>
			<ymin>32</ymin>
			<xmax>427</xmax>
			<ymax>369</ymax>
		</bndbox>
	</object>
</annotation>
