<annotation>
	<folder>gun</folder>
	<filename>armas (1596).jpg</filename>
	<path>demo/gun\armas (1596).jpg</path>
	<source>
		<database>Unknown</database>
	</source>
	<size>
		<width>500</width>
		<height>357</height>
		<depth>1</depth>
	</size>
	<segmented>0</segmented>
	<object>
		<name>gun</name>
		<pose>Unspecified</pose>
		<truncated>0</truncated>
		<difficult>0</difficult>
		<bndbox>
			<xmin>121</xmin>
			<ymin>58</ymin>
			<xmax>374</xmax>
			<ymax>224</ymax>
		</bndbox>
	</object>
	<object>
		<name>gun</name>
		<pose>Unspecified</pose>
		<truncated>0</truncated>
		<difficult>0</difficult>
		<bndbox>
			<xmin>128</xmin>
			<ymin>127</ymin>
			<xmax>380</xmax>
			<ymax>292</ymax>
		</bndbox>
	</object>
</annotation>
