<annotation>
	<folder>gun</folder>
	<filename>armas (2030).jpg</filename>
	<path>demo/gun\armas (2030).jpg</path>
	<source>
		<database>Unknown</database>
	</source>
	<size>
		<width>661</width>
		<height>496</height>
		<depth>3</depth>
	</size>
	<segmented>0</segmented>
	<object>
		<name>gun</name>
		<pose>Unspecified</pose>
		<truncated>0</truncated>
		<difficult>0</difficult>
		<bndbox>
			<xmin>348</xmin>
			<ymin>226</ymin>
			<xmax>440</xmax>
			<ymax>333</ymax>
		</bndbox>
	</object>
</annotation>
