<annotation>
	<folder>gun</folder>
	<filename>armas (2821).jpg</filename>
	<path>demo/gun\armas (2821).jpg</path>
	<source>
		<database>Unknown</database>
	</source>
	<size>
		<width>960</width>
		<height>540</height>
		<depth>3</depth>
	</size>
	<segmented>0</segmented>
	<object>
		<name>gun</name>
		<pose>Unspecified</pose>
		<truncated>0</truncated>
		<difficult>0</difficult>
		<bndbox>
			<xmin>549</xmin>
			<ymin>157</ymin>
			<xmax>621</xmax>
			<ymax>280</ymax>
		</bndbox>
	</object>
</annotation>
