<annotation>
	<folder>gun</folder>
	<filename>armas (1567).jpg</filename>
	<path>demo/gun\armas (1567).jpg</path>
	<source>
		<database>Unknown</database>
	</source>
	<size>
		<width>500</width>
		<height>281</height>
		<depth>3</depth>
	</size>
	<segmented>0</segmented>
	<object>
		<name>gun</name>
		<pose>Unspecified</pose>
		<truncated>1</truncated>
		<difficult>0</difficult>
		<bndbox>
			<xmin>33</xmin>
			<ymin>19</ymin>
			<xmax>447</xmax>
			<ymax>281</ymax>
		</bndbox>
	</object>
</annotation>
