<annotation>
	<folder>gun</folder>
	<filename>armas (2091).jpg</filename>
	<path>demo/gun\armas (2091).jpg</path>
	<source>
		<database>Unknown</database>
	</source>
	<size>
		<width>640</width>
		<height>480</height>
		<depth>3</depth>
	</size>
	<segmented>0</segmented>
	<object>
		<name>gun</name>
		<pose>Unspecified</pose>
		<truncated>0</truncated>
		<difficult>0</difficult>
		<bndbox>
			<xmin>77</xmin>
			<ymin>100</ymin>
			<xmax>586</xmax>
			<ymax>475</ymax>
		</bndbox>
	</object>
</annotation>
