<annotation>
	<folder>gun</folder>
	<filename>armas (2814).jpg</filename>
	<path>demo/gun\armas (2814).jpg</path>
	<source>
		<database>Unknown</database>
	</source>
	<size>
		<width>320</width>
		<height>241</height>
		<depth>3</depth>
	</size>
	<segmented>0</segmented>
	<object>
		<name>gun</name>
		<pose>Unspecified</pose>
		<truncated>0</truncated>
		<difficult>0</difficult>
		<bndbox>
			<xmin>9</xmin>
			<ymin>13</ymin>
			<xmax>306</xmax>
			<ymax>229</ymax>
		</bndbox>
	</object>
</annotation>
