<annotation>
	<folder>gun</folder>
	<filename>armas (1047).jpg</filename>
	<path>demo/gun\armas (1047).jpg</path>
	<source>
		<database>Unknown</database>
	</source>
	<size>
		<width>275</width>
		<height>183</height>
		<depth>3</depth>
	</size>
	<segmented>0</segmented>
	<object>
		<name>gun</name>
		<pose>Unspecified</pose>
		<truncated>0</truncated>
		<difficult>0</difficult>
		<bndbox>
			<xmin>63</xmin>
			<ymin>10</ymin>
			<xmax>239</xmax>
			<ymax>97</ymax>
		</bndbox>
	</object>
</annotation>
