<annotation>
	<folder>gun</folder>
	<filename>armas (1490).jpg</filename>
	<path>demo/gun\armas (1490).jpg</path>
	<source>
		<database>Unknown</database>
	</source>
	<size>
		<width>333</width>
		<height>500</height>
		<depth>3</depth>
	</size>
	<segmented>0</segmented>
	<object>
		<name>gun</name>
		<pose>Unspecified</pose>
		<truncated>0</truncated>
		<difficult>0</difficult>
		<bndbox>
			<xmin>29</xmin>
			<ymin>33</ymin>
			<xmax>327</xmax>
			<ymax>485</ymax>
		</bndbox>
	</object>
</annotation>
