<annotation>
	<folder>gun</folder>
	<filename>armas (1115).jpg</filename>
	<path>demo/gun\armas (1115).jpg</path>
	<source>
		<database>Unknown</database>
	</source>
	<size>
		<width>708</width>
		<height>495</height>
		<depth>3</depth>
	</size>
	<segmented>0</segmented>
	<object>
		<name>gun</name>
		<pose>Unspecified</pose>
		<truncated>0</truncated>
		<difficult>0</difficult>
		<bndbox>
			<xmin>194</xmin>
			<ymin>292</ymin>
			<xmax>244</xmax>
			<ymax>367</ymax>
		</bndbox>
	</object>
</annotation>
