<annotation>
	<folder>gun</folder>
	<filename>armas (2802).jpg</filename>
	<path>demo/gun\armas (2802).jpg</path>
	<source>
		<database>Unknown</database>
	</source>
	<size>
		<width>299</width>
		<height>450</height>
		<depth>3</depth>
	</size>
	<segmented>0</segmented>
	<object>
		<name>gun</name>
		<pose>Unspecified</pose>
		<truncated>0</truncated>
		<difficult>0</difficult>
		<bndbox>
			<xmin>104</xmin>
			<ymin>174</ymin>
			<xmax>239</xmax>
			<ymax>439</ymax>
		</bndbox>
	</object>
</annotation>
