<annotation>
	<folder>gun</folder>
	<filename>armas (1977).jpg</filename>
	<path>demo/gun\armas (1977).jpg</path>
	<source>
		<database>Unknown</database>
	</source>
	<size>
		<width>200</width>
		<height>200</height>
		<depth>3</depth>
	</size>
	<segmented>0</segmented>
	<object>
		<name>gun</name>
		<pose>Unspecified</pose>
		<truncated>0</truncated>
		<difficult>0</difficult>
		<bndbox>
			<xmin>4</xmin>
			<ymin>97</ymin>
			<xmax>29</xmax>
			<ymax>155</ymax>
		</bndbox>
	</object>
</annotation>
