<annotation>
	<folder>gun</folder>
	<filename>armas (2093).jpg</filename>
	<path>demo/gun\armas (2093).jpg</path>
	<source>
		<database>Unknown</database>
	</source>
	<size>
		<width>344</width>
		<height>540</height>
		<depth>3</depth>
	</size>
	<segmented>0</segmented>
	<object>
		<name>gun</name>
		<pose>Unspecified</pose>
		<truncated>0</truncated>
		<difficult>0</difficult>
		<bndbox>
			<xmin>20</xmin>
			<ymin>163</ymin>
			<xmax>116</xmax>
			<ymax>373</ymax>
		</bndbox>
	</object>
</annotation>
