<annotation>
	<folder>gun</folder>
	<filename>armas (2781).jpg</filename>
	<path>demo/gun\armas (2781).jpg</path>
	<source>
		<database>Unknown</database>
	</source>
	<size>
		<width>634</width>
		<height>350</height>
		<depth>3</depth>
	</size>
	<segmented>0</segmented>
	<object>
		<name>gun</name>
		<pose>Unspecified</pose>
		<truncated>0</truncated>
		<difficult>0</difficult>
		<bndbox>
			<xmin>201</xmin>
			<ymin>157</ymin>
			<xmax>291</xmax>
			<ymax>218</ymax>
		</bndbox>
	</object>
</annotation>
