<annotation>
	<folder>gun</folder>
	<filename>armas (2348).jpg</filename>
	<path>demo/gun\armas (2348).jpg</path>
	<source>
		<database>Unknown</database>
	</source>
	<size>
		<width>160</width>
		<height>120</height>
		<depth>3</depth>
	</size>
	<segmented>0</segmented>
	<object>
		<name>gun</name>
		<pose>Unspecified</pose>
		<truncated>0</truncated>
		<difficult>0</difficult>
		<bndbox>
			<xmin>4</xmin>
			<ymin>5</ymin>
			<xmax>157</xmax>
			<ymax>115</ymax>
		</bndbox>
	</object>
</annotation>
