<annotation>
	<folder>gun</folder>
	<filename>armas (18).jpg</filename>
	<path>demo/gun\armas (18).jpg</path>
	<source>
		<database>Unknown</database>
	</source>
	<size>
		<width>288</width>
		<height>450</height>
		<depth>3</depth>
	</size>
	<segmented>0</segmented>
	<object>
		<name>gun</name>
		<pose>Unspecified</pose>
		<truncated>0</truncated>
		<difficult>0</difficult>
		<bndbox>
			<xmin>121</xmin>
			<ymin>159</ymin>
			<xmax>183</xmax>
			<ymax>254</ymax>
		</bndbox>
	</object>
</annotation>
