<annotation>
	<folder>gun</folder>
	<filename>armas (2796).jpg</filename>
	<path>demo/gun\armas (2796).jpg</path>
	<source>
		<database>Unknown</database>
	</source>
	<size>
		<width>601</width>
		<height>331</height>
		<depth>3</depth>
	</size>
	<segmented>0</segmented>
	<object>
		<name>gun</name>
		<pose>Unspecified</pose>
		<truncated>0</truncated>
		<difficult>0</difficult>
		<bndbox>
			<xmin>22</xmin>
			<ymin>78</ymin>
			<xmax>174</xmax>
			<ymax>212</ymax>
		</bndbox>
	</object>
</annotation>
