<annotation>
	<folder>gun</folder>
	<filename>armas (2079).jpg</filename>
	<path>demo/gun\armas (2079).jpg</path>
	<source>
		<database>Unknown</database>
	</source>
	<size>
		<width>3000</width>
		<height>2290</height>
		<depth>3</depth>
	</size>
	<segmented>0</segmented>
	<object>
		<name>gun</name>
		<pose>Unspecified</pose>
		<truncated>0</truncated>
		<difficult>0</difficult>
		<bndbox>
			<xmin>1005</xmin>
			<ymin>253</ymin>
			<xmax>2653</xmax>
			<ymax>1722</ymax>
		</bndbox>
	</object>
</annotation>
