<annotation>
	<folder>gun</folder>
	<filename>armas (2072).jpg</filename>
	<path>demo/gun\armas (2072).jpg</path>
	<source>
		<database>Unknown</database>
	</source>
	<size>
		<width>640</width>
		<height>480</height>
		<depth>3</depth>
	</size>
	<segmented>0</segmented>
	<object>
		<name>gun</name>
		<pose>Unspecified</pose>
		<truncated>0</truncated>
		<difficult>0</difficult>
		<bndbox>
			<xmin>187</xmin>
			<ymin>175</ymin>
			<xmax>257</xmax>
			<ymax>272</ymax>
		</bndbox>
	</object>
</annotation>
