<annotation>
	<folder>gun</folder>
	<filename>armas (286).jpg</filename>
	<path>demo/gun\armas (286).jpg</path>
	<source>
		<database>Unknown</database>
	</source>
	<size>
		<width>700</width>
		<height>416</height>
		<depth>1</depth>
	</size>
	<segmented>0</segmented>
	<object>
		<name>gun</name>
		<pose>Unspecified</pose>
		<truncated>0</truncated>
		<difficult>0</difficult>
		<bndbox>
			<xmin>49</xmin>
			<ymin>13</ymin>
			<xmax>507</xmax>
			<ymax>404</ymax>
		</bndbox>
	</object>
</annotation>
