<annotation>
	<folder>gun</folder>
	<filename>armas (2159).jpg</filename>
	<path>demo/gun\armas (2159).jpg</path>
	<source>
		<database>Unknown</database>
	</source>
	<size>
		<width>634</width>
		<height>422</height>
		<depth>3</depth>
	</size>
	<segmented>0</segmented>
	<object>
		<name>gun</name>
		<pose>Unspecified</pose>
		<truncated>0</truncated>
		<difficult>0</difficult>
		<bndbox>
			<xmin>130</xmin>
			<ymin>117</ymin>
			<xmax>624</xmax>
			<ymax>397</ymax>
		</bndbox>
	</object>
</annotation>
