<annotation>
	<folder>gun</folder>
	<filename>armas (1930).jpg</filename>
	<path>demo/gun\armas (1930).jpg</path>
	<source>
		<database>Unknown</database>
	</source>
	<size>
		<width>1500</width>
		<height>1289</height>
		<depth>3</depth>
	</size>
	<segmented>0</segmented>
	<object>
		<name>gun</name>
		<pose>Unspecified</pose>
		<truncated>0</truncated>
		<difficult>0</difficult>
		<bndbox>
			<xmin>455</xmin>
			<ymin>191</ymin>
			<xmax>1236</xmax>
			<ymax>1116</ymax>
		</bndbox>
	</object>
</annotation>
