<annotation>
	<folder>gun</folder>
	<filename>armas (1084).jpg</filename>
	<path>demo/gun\armas (1084).jpg</path>
	<source>
		<database>Unknown</database>
	</source>
	<size>
		<width>450</width>
		<height>319</height>
		<depth>3</depth>
	</size>
	<segmented>0</segmented>
	<object>
		<name>gun</name>
		<pose>Unspecified</pose>
		<truncated>0</truncated>
		<difficult>0</difficult>
		<bndbox>
			<xmin>41</xmin>
			<ymin>101</ymin>
			<xmax>245</xmax>
			<ymax>252</ymax>
		</bndbox>
	</object>
</annotation>
