<annotation>
	<folder>gun</folder>
	<filename>armas (1228).jpg</filename>
	<path>demo/gun\armas (1228).jpg</path>
	<source>
		<database>Unknown</database>
	</source>
	<size>
		<width>375</width>
		<height>500</height>
		<depth>3</depth>
	</size>
	<segmented>0</segmented>
	<object>
		<name>gun</name>
		<pose>Unspecified</pose>
		<truncated>0</truncated>
		<difficult>0</difficult>
		<bndbox>
			<xmin>192</xmin>
			<ymin>96</ymin>
			<xmax>224</xmax>
			<ymax>127</ymax>
		</bndbox>
	</object>
	<object>
		<name>gun</name>
		<pose>Unspecified</pose>
		<truncated>1</truncated>
		<difficult>0</difficult>
		<bndbox>
			<xmin>213</xmin>
			<ymin>361</ymin>
			<xmax>335</xmax>
			<ymax>500</ymax>
		</bndbox>
	</object>
</annotation>
