<annotation>
	<folder>gun</folder>
	<filename>armas (1251).jpg</filename>
	<path>demo/gun\armas (1251).jpg</path>
	<source>
		<database>Unknown</database>
	</source>
	<size>
		<width>500</width>
		<height>375</height>
		<depth>3</depth>
	</size>
	<segmented>0</segmented>
	<object>
		<name>gun</name>
		<pose>Unspecified</pose>
		<truncated>0</truncated>
		<difficult>0</difficult>
		<bndbox>
			<xmin>10</xmin>
			<ymin>27</ymin>
			<xmax>496</xmax>
			<ymax>359</ymax>
		</bndbox>
	</object>
</annotation>
