<annotation>
	<folder>gun</folder>
	<filename>armas (16).jpg</filename>
	<path>demo/gun\armas (16).jpg</path>
	<source>
		<database>Unknown</database>
	</source>
	<size>
		<width>340</width>
		<height>450</height>
		<depth>3</depth>
	</size>
	<segmented>0</segmented>
	<object>
		<name>gun</name>
		<pose>Unspecified</pose>
		<truncated>0</truncated>
		<difficult>0</difficult>
		<bndbox>
			<xmin>243</xmin>
			<ymin>11</ymin>
			<xmax>284</xmax>
			<ymax>78</ymax>
		</bndbox>
	</object>
</annotation>
