<annotation>
	<folder>gun</folder>
	<filename>armas (2043).jpg</filename>
	<path>demo/gun\armas (2043).jpg</path>
	<source>
		<database>Unknown</database>
	</source>
	<size>
		<width>1100</width>
		<height>815</height>
		<depth>3</depth>
	</size>
	<segmented>0</segmented>
	<object>
		<name>gun</name>
		<pose>Unspecified</pose>
		<truncated>0</truncated>
		<difficult>0</difficult>
		<bndbox>
			<xmin>10</xmin>
			<ymin>6</ymin>
			<xmax>1082</xmax>
			<ymax>658</ymax>
		</bndbox>
	</object>
</annotation>
