<annotation>
	<folder>gun</folder>
	<filename>armas (2801).jpg</filename>
	<path>demo/gun\armas (2801).jpg</path>
	<source>
		<database>Unknown</database>
	</source>
	<size>
		<width>366</width>
		<height>450</height>
		<depth>3</depth>
	</size>
	<segmented>0</segmented>
	<object>
		<name>gun</name>
		<pose>Unspecified</pose>
		<truncated>0</truncated>
		<difficult>0</difficult>
		<bndbox>
			<xmin>21</xmin>
			<ymin>74</ymin>
			<xmax>85</xmax>
			<ymax>113</ymax>
		</bndbox>
	</object>
</annotation>
