<annotation>
	<folder>gun</folder>
	<filename>armas (1014).jpg</filename>
	<path>demo/gun\armas (1014).jpg</path>
	<source>
		<database>Unknown</database>
	</source>
	<size>
		<width>192</width>
		<height>240</height>
		<depth>3</depth>
	</size>
	<segmented>0</segmented>
	<object>
		<name>gun</name>
		<pose>Unspecified</pose>
		<truncated>0</truncated>
		<difficult>0</difficult>
		<bndbox>
			<xmin>145</xmin>
			<ymin>23</ymin>
			<xmax>167</xmax>
			<ymax>87</ymax>
		</bndbox>
	</object>
</annotation>
