<annotation>
	<folder>gun</folder>
	<filename>armas (1782).jpg</filename>
	<path>demo/gun\armas (1782).jpg</path>
	<source>
		<database>Unknown</database>
	</source>
	<size>
		<width>240</width>
		<height>160</height>
		<depth>3</depth>
	</size>
	<segmented>0</segmented>
	<object>
		<name>gun</name>
		<pose>Unspecified</pose>
		<truncated>0</truncated>
		<difficult>0</difficult>
		<bndbox>
			<xmin>17</xmin>
			<ymin>28</ymin>
			<xmax>219</xmax>
			<ymax>116</ymax>
		</bndbox>
	</object>
</annotation>
