<annotation>
	<folder>gun</folder>
	<filename>armas (2817).jpg</filename>
	<path>demo/gun\armas (2817).jpg</path>
	<source>
		<database>Unknown</database>
	</source>
	<size>
		<width>920</width>
		<height>536</height>
		<depth>3</depth>
	</size>
	<segmented>0</segmented>
	<object>
		<name>gun</name>
		<pose>Unspecified</pose>
		<truncated>0</truncated>
		<difficult>0</difficult>
		<bndbox>
			<xmin>768</xmin>
			<ymin>367</ymin>
			<xmax>801</xmax>
			<ymax>411</ymax>
		</bndbox>
	</object>
</annotation>
