<annotation>
	<folder>gun</folder>
	<filename>armas (1843).jpg</filename>
	<path>demo/gun\armas (1843).jpg</path>
	<source>
		<database>Unknown</database>
	</source>
	<size>
		<width>550</width>
		<height>384</height>
		<depth>3</depth>
	</size>
	<segmented>0</segmented>
	<object>
		<name>gun</name>
		<pose>Unspecified</pose>
		<truncated>0</truncated>
		<difficult>0</difficult>
		<bndbox>
			<xmin>38</xmin>
			<ymin>47</ymin>
			<xmax>475</xmax>
			<ymax>333</ymax>
		</bndbox>
	</object>
</annotation>
