<annotation>
	<folder>gun</folder>
	<filename>armas (1889).jpg</filename>
	<path>demo/gun\armas (1889).jpg</path>
	<source>
		<database>Unknown</database>
	</source>
	<size>
		<width>347</width>
		<height>540</height>
		<depth>3</depth>
	</size>
	<segmented>0</segmented>
	<object>
		<name>gun</name>
		<pose>Unspecified</pose>
		<truncated>0</truncated>
		<difficult>0</difficult>
		<bndbox>
			<xmin>187</xmin>
			<ymin>57</ymin>
			<xmax>235</xmax>
			<ymax>137</ymax>
		</bndbox>
	</object>
</annotation>
