<annotation>
	<folder>gun</folder>
	<filename>armas (2806).jpg</filename>
	<path>demo/gun\armas (2806).jpg</path>
	<source>
		<database>Unknown</database>
	</source>
	<size>
		<width>450</width>
		<height>321</height>
		<depth>3</depth>
	</size>
	<segmented>0</segmented>
	<object>
		<name>gun</name>
		<pose>Unspecified</pose>
		<truncated>1</truncated>
		<difficult>0</difficult>
		<bndbox>
			<xmin>153</xmin>
			<ymin>43</ymin>
			<xmax>450</xmax>
			<ymax>274</ymax>
		</bndbox>
	</object>
</annotation>
