<annotation>
	<folder>gun</folder>
	<filename>armas (243).jpg</filename>
	<path>demo/gun\armas (243).jpg</path>
	<source>
		<database>Unknown</database>
	</source>
	<size>
		<width>700</width>
		<height>525</height>
		<depth>3</depth>
	</size>
	<segmented>0</segmented>
	<object>
		<name>gun</name>
		<pose>Unspecified</pose>
		<truncated>0</truncated>
		<difficult>0</difficult>
		<bndbox>
			<xmin>164</xmin>
			<ymin>180</ymin>
			<xmax>426</xmax>
			<ymax>310</ymax>
		</bndbox>
	</object>
</annotation>
