<annotation>
	<folder>gun</folder>
	<filename>armas (2824).jpg</filename>
	<path>demo/gun\armas (2824).jpg</path>
	<source>
		<database>Unknown</database>
	</source>
	<size>
		<width>478</width>
		<height>324</height>
		<depth>3</depth>
	</size>
	<segmented>0</segmented>
	<object>
		<name>gun</name>
		<pose>Unspecified</pose>
		<truncated>0</truncated>
		<difficult>0</difficult>
		<bndbox>
			<xmin>175</xmin>
			<ymin>79</ymin>
			<xmax>459</xmax>
			<ymax>240</ymax>
		</bndbox>
	</object>
</annotation>
