<annotation>
	<folder>gun</folder>
	<filename>armas (1094).jpg</filename>
	<path>demo/gun\armas (1094).jpg</path>
	<source>
		<database>Unknown</database>
	</source>
	<size>
		<width>1500</width>
		<height>1125</height>
		<depth>3</depth>
	</size>
	<segmented>0</segmented>
	<object>
		<name>gun</name>
		<pose>Unspecified</pose>
		<truncated>1</truncated>
		<difficult>0</difficult>
		<bndbox>
			<xmin>1</xmin>
			<ymin>232</ymin>
			<xmax>1132</xmax>
			<ymax>883</ymax>
		</bndbox>
	</object>
</annotation>
