<annotation>
	<folder>gun</folder>
	<filename>armas (1285).jpg</filename>
	<path>demo/gun\armas (1285).jpg</path>
	<source>
		<database>Unknown</database>
	</source>
	<size>
		<width>500</width>
		<height>339</height>
		<depth>3</depth>
	</size>
	<segmented>0</segmented>
	<object>
		<name>gun</name>
		<pose>Unspecified</pose>
		<truncated>0</truncated>
		<difficult>0</difficult>
		<bndbox>
			<xmin>33</xmin>
			<ymin>20</ymin>
			<xmax>477</xmax>
			<ymax>321</ymax>
		</bndbox>
	</object>
</annotation>
