<annotation>
	<folder>gun</folder>
	<filename>armas (1449).jpg</filename>
	<path>demo/gun\armas (1449).jpg</path>
	<source>
		<database>Unknown</database>
	</source>
	<size>
		<width>500</width>
		<height>333</height>
		<depth>3</depth>
	</size>
	<segmented>0</segmented>
	<object>
		<name>gun</name>
		<pose>Unspecified</pose>
		<truncated>0</truncated>
		<difficult>0</difficult>
		<bndbox>
			<xmin>13</xmin>
			<ymin>98</ymin>
			<xmax>493</xmax>
			<ymax>300</ymax>
		</bndbox>
	</object>
</annotation>
