<annotation>
	<folder>gun</folder>
	<filename>armas (1864).jpg</filename>
	<path>demo/gun\armas (1864).jpg</path>
	<source>
		<database>Unknown</database>
	</source>
	<size>
		<width>1169</width>
		<height>794</height>
		<depth>3</depth>
	</size>
	<segmented>0</segmented>
	<object>
		<name>gun</name>
		<pose>Unspecified</pose>
		<truncated>1</truncated>
		<difficult>0</difficult>
		<bndbox>
			<xmin>18</xmin>
			<ymin>67</ymin>
			<xmax>1138</xmax>
			<ymax>794</ymax>
		</bndbox>
	</object>
</annotation>
