<annotation>
	<folder>gun</folder>
	<filename>armas (1754).jpg</filename>
	<path>demo/gun\armas (1754).jpg</path>
	<source>
		<database>Unknown</database>
	</source>
	<size>
		<width>450</width>
		<height>326</height>
		<depth>3</depth>
	</size>
	<segmented>0</segmented>
	<object>
		<name>gun</name>
		<pose>Unspecified</pose>
		<truncated>1</truncated>
		<difficult>0</difficult>
		<bndbox>
			<xmin>6</xmin>
			<ymin>1</ymin>
			<xmax>446</xmax>
			<ymax>326</ymax>
		</bndbox>
	</object>
</annotation>
