<annotation>
	<folder>gun</folder>
	<filename>armas (103).jpg</filename>
	<path>demo/gun\armas (103).jpg</path>
	<source>
		<database>Unknown</database>
	</source>
	<size>
		<width>450</width>
		<height>300</height>
		<depth>3</depth>
	</size>
	<segmented>0</segmented>
	<object>
		<name>gun</name>
		<pose>Unspecified</pose>
		<truncated>0</truncated>
		<difficult>0</difficult>
		<bndbox>
			<xmin>108</xmin>
			<ymin>72</ymin>
			<xmax>204</xmax>
			<ymax>133</ymax>
		</bndbox>
	</object>
</annotation>
