<annotation>
	<folder>gun</folder>
	<filename>armas (1552).jpg</filename>
	<path>demo/gun\armas (1552).jpg</path>
	<source>
		<database>Unknown</database>
	</source>
	<size>
		<width>333</width>
		<height>500</height>
		<depth>3</depth>
	</size>
	<segmented>0</segmented>
	<object>
		<name>gun</name>
		<pose>Unspecified</pose>
		<truncated>0</truncated>
		<difficult>0</difficult>
		<bndbox>
			<xmin>86</xmin>
			<ymin>129</ymin>
			<xmax>126</xmax>
			<ymax>159</ymax>
		</bndbox>
	</object>
</annotation>
