<annotation>
	<folder>gun</folder>
	<filename>armas (2169).jpg</filename>
	<path>demo/gun\armas (2169).jpg</path>
	<source>
		<database>Unknown</database>
	</source>
	<size>
		<width>160</width>
		<height>120</height>
		<depth>3</depth>
	</size>
	<segmented>0</segmented>
	<object>
		<name>gun</name>
		<pose>Unspecified</pose>
		<truncated>1</truncated>
		<difficult>0</difficult>
		<bndbox>
			<xmin>1</xmin>
			<ymin>1</ymin>
			<xmax>160</xmax>
			<ymax>117</ymax>
		</bndbox>
	</object>
</annotation>
