<annotation>
	<folder>gun</folder>
	<filename>armas (1140).jpg</filename>
	<path>demo/gun\armas (1140).jpg</path>
	<source>
		<database>Unknown</database>
	</source>
	<size>
		<width>1200</width>
		<height>1200</height>
		<depth>1</depth>
	</size>
	<segmented>0</segmented>
	<object>
		<name>gun</name>
		<pose>Unspecified</pose>
		<truncated>0</truncated>
		<difficult>0</difficult>
		<bndbox>
			<xmin>435</xmin>
			<ymin>228</ymin>
			<xmax>751</xmax>
			<ymax>658</ymax>
		</bndbox>
	</object>
</annotation>
