<annotation>
	<folder>gun</folder>
	<filename>armas (2782).jpg</filename>
	<path>demo/gun\armas (2782).jpg</path>
	<source>
		<database>Unknown</database>
	</source>
	<size>
		<width>267</width>
		<height>400</height>
		<depth>3</depth>
	</size>
	<segmented>0</segmented>
	<object>
		<name>gun</name>
		<pose>Unspecified</pose>
		<truncated>0</truncated>
		<difficult>0</difficult>
		<bndbox>
			<xmin>31</xmin>
			<ymin>57</ymin>
			<xmax>93</xmax>
			<ymax>172</ymax>
		</bndbox>
	</object>
</annotation>
