<annotation>
	<folder>gun</folder>
	<filename>armas (2120).jpg</filename>
	<path>demo/gun\armas (2120).jpg</path>
	<source>
		<database>Unknown</database>
	</source>
	<size>
		<width>252</width>
		<height>169</height>
		<depth>3</depth>
	</size>
	<segmented>0</segmented>
	<object>
		<name>gun</name>
		<pose>Unspecified</pose>
		<truncated>0</truncated>
		<difficult>0</difficult>
		<bndbox>
			<xmin>15</xmin>
			<ymin>19</ymin>
			<xmax>228</xmax>
			<ymax>164</ymax>
		</bndbox>
	</object>
</annotation>
