<annotation>
	<folder>gun</folder>
	<filename>armas (262).jpg</filename>
	<path>demo/gun\armas (262).jpg</path>
	<source>
		<database>Unknown</database>
	</source>
	<size>
		<width>634</width>
		<height>403</height>
		<depth>3</depth>
	</size>
	<segmented>0</segmented>
	<object>
		<name>gun</name>
		<pose>Unspecified</pose>
		<truncated>0</truncated>
		<difficult>0</difficult>
		<bndbox>
			<xmin>118</xmin>
			<ymin>41</ymin>
			<xmax>544</xmax>
			<ymax>281</ymax>
		</bndbox>
	</object>
</annotation>
