<annotation>
	<folder>gun</folder>
	<filename>armas (138).jpg</filename>
	<path>demo/gun\armas (138).jpg</path>
	<source>
		<database>Unknown</database>
	</source>
	<size>
		<width>156</width>
		<height>235</height>
		<depth>3</depth>
	</size>
	<segmented>0</segmented>
	<object>
		<name>gun</name>
		<pose>Unspecified</pose>
		<truncated>0</truncated>
		<difficult>0</difficult>
		<bndbox>
			<xmin>41</xmin>
			<ymin>120</ymin>
			<xmax>100</xmax>
			<ymax>202</ymax>
		</bndbox>
	</object>
</annotation>
