<annotation>
	<folder>gun</folder>
	<filename>armas (1046).jpg</filename>
	<path>demo/gun\armas (1046).jpg</path>
	<source>
		<database>Unknown</database>
	</source>
	<size>
		<width>252</width>
		<height>200</height>
		<depth>3</depth>
	</size>
	<segmented>0</segmented>
	<object>
		<name>gun</name>
		<pose>Unspecified</pose>
		<truncated>0</truncated>
		<difficult>0</difficult>
		<bndbox>
			<xmin>176</xmin>
			<ymin>101</ymin>
			<xmax>238</xmax>
			<ymax>144</ymax>
		</bndbox>
	</object>
</annotation>
