<annotation>
	<folder>gun</folder>
	<filename>armas (274).jpg</filename>
	<path>demo/gun\armas (274).jpg</path>
	<source>
		<database>Unknown</database>
	</source>
	<size>
		<width>580</width>
		<height>412</height>
		<depth>3</depth>
	</size>
	<segmented>0</segmented>
	<object>
		<name>gun</name>
		<pose>Unspecified</pose>
		<truncated>0</truncated>
		<difficult>0</difficult>
		<bndbox>
			<xmin>119</xmin>
			<ymin>204</ymin>
			<xmax>312</xmax>
			<ymax>411</ymax>
		</bndbox>
	</object>
</annotation>
