<annotation>
	<folder>gun</folder>
	<filename>armas (1045).jpg</filename>
	<path>demo/gun\armas (1045).jpg</path>
	<source>
		<database>Unknown</database>
	</source>
	<size>
		<width>276</width>
		<height>183</height>
		<depth>3</depth>
	</size>
	<segmented>0</segmented>
	<object>
		<name>gun</name>
		<pose>Unspecified</pose>
		<truncated>0</truncated>
		<difficult>0</difficult>
		<bndbox>
			<xmin>63</xmin>
			<ymin>25</ymin>
			<xmax>211</xmax>
			<ymax>123</ymax>
		</bndbox>
	</object>
</annotation>
