<annotation>
	<folder>gun</folder>
	<filename>armas (2827).jpg</filename>
	<path>demo/gun\armas (2827).jpg</path>
	<source>
		<database>Unknown</database>
	</source>
	<size>
		<width>800</width>
		<height>556</height>
		<depth>3</depth>
	</size>
	<segmented>0</segmented>
	<object>
		<name>gun</name>
		<pose>Unspecified</pose>
		<truncated>0</truncated>
		<difficult>0</difficult>
		<bndbox>
			<xmin>12</xmin>
			<ymin>9</ymin>
			<xmax>721</xmax>
			<ymax>482</ymax>
		</bndbox>
	</object>
</annotation>
