<annotation>
	<folder>gun</folder>
	<filename>armas (2148).jpg</filename>
	<path>demo/gun\armas (2148).jpg</path>
	<source>
		<database>Unknown</database>
	</source>
	<size>
		<width>1024</width>
		<height>781</height>
		<depth>3</depth>
	</size>
	<segmented>0</segmented>
	<object>
		<name>gun</name>
		<pose>Unspecified</pose>
		<truncated>0</truncated>
		<difficult>0</difficult>
		<bndbox>
			<xmin>456</xmin>
			<ymin>70</ymin>
			<xmax>571</xmax>
			<ymax>168</ymax>
		</bndbox>
	</object>
</annotation>
