<annotation>
	<folder>gun</folder>
	<filename>armas (1126).jpg</filename>
	<path>demo/gun\armas (1126).jpg</path>
	<source>
		<database>Unknown</database>
	</source>
	<size>
		<width>450</width>
		<height>320</height>
		<depth>3</depth>
	</size>
	<segmented>0</segmented>
	<object>
		<name>gun</name>
		<pose>Unspecified</pose>
		<truncated>0</truncated>
		<difficult>0</difficult>
		<bndbox>
			<xmin>141</xmin>
			<ymin>78</ymin>
			<xmax>353</xmax>
			<ymax>237</ymax>
		</bndbox>
	</object>
</annotation>
