<annotation>
	<folder>gun</folder>
	<filename>armas (141).jpg</filename>
	<path>demo/gun\armas (141).jpg</path>
	<source>
		<database>Unknown</database>
	</source>
	<size>
		<width>450</width>
		<height>298</height>
		<depth>3</depth>
	</size>
	<segmented>0</segmented>
	<object>
		<name>gun</name>
		<pose>Unspecified</pose>
		<truncated>0</truncated>
		<difficult>0</difficult>
		<bndbox>
			<xmin>178</xmin>
			<ymin>123</ymin>
			<xmax>269</xmax>
			<ymax>204</ymax>
		</bndbox>
	</object>
</annotation>
