<annotation>
	<folder>gun</folder>
	<filename>armas (2825).jpg</filename>
	<path>demo/gun\armas (2825).jpg</path>
	<source>
		<database>Unknown</database>
	</source>
	<size>
		<width>259</width>
		<height>194</height>
		<depth>3</depth>
	</size>
	<segmented>0</segmented>
	<object>
		<name>gun</name>
		<pose>Unspecified</pose>
		<truncated>0</truncated>
		<difficult>0</difficult>
		<bndbox>
			<xmin>10</xmin>
			<ymin>13</ymin>
			<xmax>246</xmax>
			<ymax>189</ymax>
		</bndbox>
	</object>
</annotation>
