<annotation>
	<folder>gun</folder>
	<filename>armas (2110).jpg</filename>
	<path>demo/gun\armas (2110).jpg</path>
	<source>
		<database>Unknown</database>
	</source>
	<size>
		<width>320</width>
		<height>240</height>
		<depth>3</depth>
	</size>
	<segmented>0</segmented>
	<object>
		<name>gun</name>
		<pose>Unspecified</pose>
		<truncated>0</truncated>
		<difficult>0</difficult>
		<bndbox>
			<xmin>13</xmin>
			<ymin>17</ymin>
			<xmax>314</xmax>
			<ymax>225</ymax>
		</bndbox>
	</object>
</annotation>
