<annotation>
	<folder>gun</folder>
	<filename>armas (1297).jpg</filename>
	<path>demo/gun\armas (1297).jpg</path>
	<source>
		<database>Unknown</database>
	</source>
	<size>
		<width>500</width>
		<height>311</height>
		<depth>3</depth>
	</size>
	<segmented>0</segmented>
	<object>
		<name>gun</name>
		<pose>Unspecified</pose>
		<truncated>0</truncated>
		<difficult>0</difficult>
		<bndbox>
			<xmin>215</xmin>
			<ymin>72</ymin>
			<xmax>436</xmax>
			<ymax>310</ymax>
		</bndbox>
	</object>
	<object>
		<name>gun</name>
		<pose>Unspecified</pose>
		<truncated>1</truncated>
		<difficult>0</difficult>
		<bndbox>
			<xmin>17</xmin>
			<ymin>108</ymin>
			<xmax>272</xmax>
			<ymax>311</ymax>
		</bndbox>
	</object>
</annotation>
