<annotation>
	<folder>gun</folder>
	<filename>armas (1734).jpg</filename>
	<path>demo/gun\armas (1734).jpg</path>
	<source>
		<database>Unknown</database>
	</source>
	<size>
		<width>500</width>
		<height>375</height>
		<depth>3</depth>
	</size>
	<segmented>0</segmented>
	<object>
		<name>gun</name>
		<pose>Unspecified</pose>
		<truncated>1</truncated>
		<difficult>0</difficult>
		<bndbox>
			<xmin>318</xmin>
			<ymin>78</ymin>
			<xmax>500</xmax>
			<ymax>233</ymax>
		</bndbox>
	</object>
	<object>
		<name>gun</name>
		<pose>Unspecified</pose>
		<truncated>1</truncated>
		<difficult>0</difficult>
		<bndbox>
			<xmin>1</xmin>
			<ymin>80</ymin>
			<xmax>220</xmax>
			<ymax>231</ymax>
		</bndbox>
	</object>
</annotation>
