<annotation>
	<folder>gun</folder>
	<filename>armas (2805).jpg</filename>
	<path>demo/gun\armas (2805).jpg</path>
	<source>
		<database>Unknown</database>
	</source>
	<size>
		<width>450</width>
		<height>299</height>
		<depth>3</depth>
	</size>
	<segmented>0</segmented>
	<object>
		<name>gun</name>
		<pose>Unspecified</pose>
		<truncated>0</truncated>
		<difficult>0</difficult>
		<bndbox>
			<xmin>80</xmin>
			<ymin>110</ymin>
			<xmax>200</xmax>
			<ymax>221</ymax>
		</bndbox>
	</object>
</annotation>
