<annotation>
	<folder>gun</folder>
	<filename>armas (2069).jpg</filename>
	<path>demo/gun\armas (2069).jpg</path>
	<source>
		<database>Unknown</database>
	</source>
	<size>
		<width>640</width>
		<height>480</height>
		<depth>3</depth>
	</size>
	<segmented>0</segmented>
	<object>
		<name>gun</name>
		<pose>Unspecified</pose>
		<truncated>0</truncated>
		<difficult>0</difficult>
		<bndbox>
			<xmin>126</xmin>
			<ymin>39</ymin>
			<xmax>614</xmax>
			<ymax>432</ymax>
		</bndbox>
	</object>
</annotation>
