<annotation>
	<folder>gun</folder>
	<filename>armas (2046).jpg</filename>
	<path>demo/gun\armas (2046).jpg</path>
	<source>
		<database>Unknown</database>
	</source>
	<size>
		<width>1650</width>
		<height>1100</height>
		<depth>3</depth>
	</size>
	<segmented>0</segmented>
	<object>
		<name>gun</name>
		<pose>Unspecified</pose>
		<truncated>1</truncated>
		<difficult>0</difficult>
		<bndbox>
			<xmin>231</xmin>
			<ymin>298</ymin>
			<xmax>1607</xmax>
			<ymax>1100</ymax>
		</bndbox>
	</object>
</annotation>
