<annotation>
	<folder>gun</folder>
	<filename>armas (1431).jpg</filename>
	<path>demo/gun\armas (1431).jpg</path>
	<source>
		<database>Unknown</database>
	</source>
	<size>
		<width>500</width>
		<height>339</height>
		<depth>3</depth>
	</size>
	<segmented>0</segmented>
	<object>
		<name>gun</name>
		<pose>Unspecified</pose>
		<truncated>0</truncated>
		<difficult>0</difficult>
		<bndbox>
			<xmin>228</xmin>
			<ymin>51</ymin>
			<xmax>459</xmax>
			<ymax>213</ymax>
		</bndbox>
	</object>
</annotation>
