<annotation>
	<folder>gun</folder>
	<filename>armas (1509).jpg</filename>
	<path>demo/gun\armas (1509).jpg</path>
	<source>
		<database>Unknown</database>
	</source>
	<size>
		<width>500</width>
		<height>195</height>
		<depth>3</depth>
	</size>
	<segmented>0</segmented>
	<object>
		<name>gun</name>
		<pose>Unspecified</pose>
		<truncated>0</truncated>
		<difficult>0</difficult>
		<bndbox>
			<xmin>78</xmin>
			<ymin>43</ymin>
			<xmax>100</xmax>
			<ymax>64</ymax>
		</bndbox>
	</object>
	<object>
		<name>gun</name>
		<pose>Unspecified</pose>
		<truncated>0</truncated>
		<difficult>0</difficult>
		<bndbox>
			<xmin>214</xmin>
			<ymin>44</ymin>
			<xmax>225</xmax>
			<ymax>63</ymax>
		</bndbox>
	</object>
	<object>
		<name>gun</name>
		<pose>Unspecified</pose>
		<truncated>0</truncated>
		<difficult>0</difficult>
		<bndbox>
			<xmin>328</xmin>
			<ymin>40</ymin>
			<xmax>359</xmax>
			<ymax>73</ymax>
		</bndbox>
	</object>
</annotation>
