<annotation>
	<folder>gun</folder>
	<filename>armas (2144).jpg</filename>
	<path>demo/gun\armas (2144).jpg</path>
	<source>
		<database>Unknown</database>
	</source>
	<size>
		<width>1024</width>
		<height>718</height>
		<depth>3</depth>
	</size>
	<segmented>0</segmented>
	<object>
		<name>gun</name>
		<pose>Unspecified</pose>
		<truncated>0</truncated>
		<difficult>0</difficult>
		<bndbox>
			<xmin>394</xmin>
			<ymin>233</ymin>
			<xmax>796</xmax>
			<ymax>405</ymax>
		</bndbox>
	</object>
</annotation>
