<annotation>
	<folder>gun</folder>
	<filename>armas (206).jpg</filename>
	<path>demo/gun\armas (206).jpg</path>
	<source>
		<database>Unknown</database>
	</source>
	<size>
		<width>728</width>
		<height>546</height>
		<depth>3</depth>
	</size>
	<segmented>0</segmented>
	<object>
		<name>gun</name>
		<pose>Unspecified</pose>
		<truncated>0</truncated>
		<difficult>0</difficult>
		<bndbox>
			<xmin>60</xmin>
			<ymin>46</ymin>
			<xmax>669</xmax>
			<ymax>453</ymax>
		</bndbox>
	</object>
</annotation>
