<annotation>
	<folder>gun</folder>
	<filename>armas (216).jpg</filename>
	<path>demo/gun\armas (216).jpg</path>
	<source>
		<database>Unknown</database>
	</source>
	<size>
		<width>577</width>
		<height>323</height>
		<depth>3</depth>
	</size>
	<segmented>0</segmented>
	<object>
		<name>gun</name>
		<pose>Unspecified</pose>
		<truncated>0</truncated>
		<difficult>0</difficult>
		<bndbox>
			<xmin>353</xmin>
			<ymin>19</ymin>
			<xmax>557</xmax>
			<ymax>193</ymax>
		</bndbox>
	</object>
</annotation>
