<annotation>
	<folder>gun</folder>
	<filename>armas (185).jpg</filename>
	<path>demo/gun\armas (185).jpg</path>
	<source>
		<database>Unknown</database>
	</source>
	<size>
		<width>634</width>
		<height>507</height>
		<depth>3</depth>
	</size>
	<segmented>0</segmented>
	<object>
		<name>gun</name>
		<pose>Unspecified</pose>
		<truncated>0</truncated>
		<difficult>0</difficult>
		<bndbox>
			<xmin>298</xmin>
			<ymin>261</ymin>
			<xmax>371</xmax>
			<ymax>338</ymax>
		</bndbox>
	</object>
</annotation>
