<annotation>
	<folder>gun</folder>
	<filename>armas (1566).jpg</filename>
	<path>demo/gun\armas (1566).jpg</path>
	<source>
		<database>Unknown</database>
	</source>
	<size>
		<width>500</width>
		<height>351</height>
		<depth>3</depth>
	</size>
	<segmented>0</segmented>
	<object>
		<name>gun</name>
		<pose>Unspecified</pose>
		<truncated>0</truncated>
		<difficult>0</difficult>
		<bndbox>
			<xmin>235</xmin>
			<ymin>129</ymin>
			<xmax>349</xmax>
			<ymax>241</ymax>
		</bndbox>
	</object>
	<object>
		<name>gun</name>
		<pose>Unspecified</pose>
		<truncated>0</truncated>
		<difficult>0</difficult>
		<bndbox>
			<xmin>6</xmin>
			<ymin>226</ymin>
			<xmax>138</xmax>
			<ymax>331</ymax>
		</bndbox>
	</object>
</annotation>
