<annotation>
	<folder>gun</folder>
	<filename>armas (2799).jpg</filename>
	<path>demo/gun\armas (2799).jpg</path>
	<source>
		<database>Unknown</database>
	</source>
	<size>
		<width>640</width>
		<height>347</height>
		<depth>3</depth>
	</size>
	<segmented>0</segmented>
	<object>
		<name>gun</name>
		<pose>Unspecified</pose>
		<truncated>0</truncated>
		<difficult>0</difficult>
		<bndbox>
			<xmin>213</xmin>
			<ymin>92</ymin>
			<xmax>509</xmax>
			<ymax>287</ymax>
		</bndbox>
	</object>
</annotation>
