<annotation>
	<folder>gun</folder>
	<filename>armas (2808).jpg</filename>
	<path>demo/gun\armas (2808).jpg</path>
	<source>
		<database>Unknown</database>
	</source>
	<size>
		<width>300</width>
		<height>450</height>
		<depth>3</depth>
	</size>
	<segmented>0</segmented>
	<object>
		<name>gun</name>
		<pose>Unspecified</pose>
		<truncated>0</truncated>
		<difficult>0</difficult>
		<bndbox>
			<xmin>42</xmin>
			<ymin>20</ymin>
			<xmax>265</xmax>
			<ymax>449</ymax>
		</bndbox>
	</object>
</annotation>
