<annotation>
	<folder>gun</folder>
	<filename>armas (1763).jpg</filename>
	<path>demo/gun\armas (1763).jpg</path>
	<source>
		<database>Unknown</database>
	</source>
	<size>
		<width>1000</width>
		<height>632</height>
		<depth>3</depth>
	</size>
	<segmented>0</segmented>
	<object>
		<name>gun</name>
		<pose>Unspecified</pose>
		<truncated>1</truncated>
		<difficult>0</difficult>
		<bndbox>
			<xmin>14</xmin>
			<ymin>21</ymin>
			<xmax>994</xmax>
			<ymax>632</ymax>
		</bndbox>
	</object>
</annotation>
