<annotation>
	<folder>gun</folder>
	<filename>armas (2064).jpg</filename>
	<path>demo/gun\armas (2064).jpg</path>
	<source>
		<database>Unknown</database>
	</source>
	<size>
		<width>615</width>
		<height>345</height>
		<depth>3</depth>
	</size>
	<segmented>0</segmented>
	<object>
		<name>gun</name>
		<pose>Unspecified</pose>
		<truncated>0</truncated>
		<difficult>0</difficult>
		<bndbox>
			<xmin>410</xmin>
			<ymin>141</ymin>
			<xmax>547</xmax>
			<ymax>276</ymax>
		</bndbox>
	</object>
</annotation>
