<annotation>
	<folder>gun</folder>
	<filename>armas (1943).jpg</filename>
	<path>demo/gun\armas (1943).jpg</path>
	<source>
		<database>Unknown</database>
	</source>
	<size>
		<width>1012</width>
		<height>1600</height>
		<depth>3</depth>
	</size>
	<segmented>0</segmented>
	<object>
		<name>gun</name>
		<pose>Unspecified</pose>
		<truncated>0</truncated>
		<difficult>0</difficult>
		<bndbox>
			<xmin>158</xmin>
			<ymin>59</ymin>
			<xmax>856</xmax>
			<ymax>1180</ymax>
		</bndbox>
	</object>
</annotation>
