<annotation>
	<folder>gun</folder>
	<filename>armas (1830).jpg</filename>
	<path>demo/gun\armas (1830).jpg</path>
	<source>
		<database>Unknown</database>
	</source>
	<size>
		<width>640</width>
		<height>401</height>
		<depth>3</depth>
	</size>
	<segmented>0</segmented>
	<object>
		<name>gun</name>
		<pose>Unspecified</pose>
		<truncated>0</truncated>
		<difficult>0</difficult>
		<bndbox>
			<xmin>48</xmin>
			<ymin>62</ymin>
			<xmax>628</xmax>
			<ymax>331</ymax>
		</bndbox>
	</object>
</annotation>
