<annotation>
	<folder>gun</folder>
	<filename>armas (1778).jpg</filename>
	<path>demo/gun\armas (1778).jpg</path>
	<source>
		<database>Unknown</database>
	</source>
	<size>
		<width>1920</width>
		<height>1200</height>
		<depth>3</depth>
	</size>
	<segmented>0</segmented>
	<object>
		<name>gun</name>
		<pose>Unspecified</pose>
		<truncated>0</truncated>
		<difficult>0</difficult>
		<bndbox>
			<xmin>586</xmin>
			<ymin>37</ymin>
			<xmax>1316</xmax>
			<ymax>1162</ymax>
		</bndbox>
	</object>
</annotation>
