<annotation>
	<folder>gun</folder>
	<filename>armas (205).jpg</filename>
	<path>demo/gun\armas (205).jpg</path>
	<source>
		<database>Unknown</database>
	</source>
	<size>
		<width>728</width>
		<height>546</height>
		<depth>3</depth>
	</size>
	<segmented>0</segmented>
	<object>
		<name>gun</name>
		<pose>Unspecified</pose>
		<truncated>0</truncated>
		<difficult>0</difficult>
		<bndbox>
			<xmin>0</xmin>
			<ymin>87</ymin>
			<xmax>328</xmax>
			<ymax>498</ymax>
		</bndbox>
	</object>
</annotation>
