<annotation>
	<folder>gun</folder>
	<filename>armas (2833).jpg</filename>
	<path>demo/gun\armas (2833).jpg</path>
	<source>
		<database>Unknown</database>
	</source>
	<size>
		<width>958</width>
		<height>1114</height>
		<depth>3</depth>
	</size>
	<segmented>0</segmented>
	<object>
		<name>gun</name>
		<pose>Unspecified</pose>
		<truncated>1</truncated>
		<difficult>0</difficult>
		<bndbox>
			<xmin>231</xmin>
			<ymin>252</ymin>
			<xmax>707</xmax>
			<ymax>1114</ymax>
		</bndbox>
	</object>
</annotation>
