<annotation>
	<folder>gun</folder>
	<filename>armas (1088).jpg</filename>
	<path>demo/gun\armas (1088).jpg</path>
	<source>
		<database>Unknown</database>
	</source>
	<size>
		<width>2804</width>
		<height>2104</height>
		<depth>3</depth>
	</size>
	<segmented>0</segmented>
	<object>
		<name>gun</name>
		<pose>Unspecified</pose>
		<truncated>0</truncated>
		<difficult>0</difficult>
		<bndbox>
			<xmin>742</xmin>
			<ymin>621</ymin>
			<xmax>2084</xmax>
			<ymax>1350</ymax>
		</bndbox>
	</object>
</annotation>
