<annotation>
	<folder>gun</folder>
	<filename>armas (2128).jpg</filename>
	<path>demo/gun\armas (2128).jpg</path>
	<source>
		<database>Unknown</database>
	</source>
	<size>
		<width>634</width>
		<height>634</height>
		<depth>3</depth>
	</size>
	<segmented>0</segmented>
	<object>
		<name>gun</name>
		<pose>Unspecified</pose>
		<truncated>0</truncated>
		<difficult>0</difficult>
		<bndbox>
			<xmin>129</xmin>
			<ymin>236</ymin>
			<xmax>195</xmax>
			<ymax>345</ymax>
		</bndbox>
	</object>
	<object>
		<name>gun</name>
		<pose>Unspecified</pose>
		<truncated>0</truncated>
		<difficult>0</difficult>
		<bndbox>
			<xmin>252</xmin>
			<ymin>273</ymin>
			<xmax>331</xmax>
			<ymax>368</ymax>
		</bndbox>
	</object>
</annotation>
