<annotation>
	<folder>gun</folder>
	<filename>armas (1768).jpg</filename>
	<path>demo/gun\armas (1768).jpg</path>
	<source>
		<database>Unknown</database>
	</source>
	<size>
		<width>359</width>
		<height>251</height>
		<depth>3</depth>
	</size>
	<segmented>0</segmented>
	<object>
		<name>gun</name>
		<pose>Unspecified</pose>
		<truncated>0</truncated>
		<difficult>0</difficult>
		<bndbox>
			<xmin>25</xmin>
			<ymin>36</ymin>
			<xmax>339</xmax>
			<ymax>240</ymax>
		</bndbox>
	</object>
</annotation>
