<annotation>
	<folder>gun</folder>
	<filename>armas (1586).jpg</filename>
	<path>demo/gun\armas (1586).jpg</path>
	<source>
		<database>Unknown</database>
	</source>
	<size>
		<width>500</width>
		<height>375</height>
		<depth>1</depth>
	</size>
	<segmented>0</segmented>
	<object>
		<name>gun</name>
		<pose>Unspecified</pose>
		<truncated>1</truncated>
		<difficult>0</difficult>
		<bndbox>
			<xmin>1</xmin>
			<ymin>63</ymin>
			<xmax>499</xmax>
			<ymax>330</ymax>
		</bndbox>
	</object>
</annotation>
