<annotation>
	<folder>gun</folder>
	<filename>armas (1700).jpg</filename>
	<path>demo/gun\armas (1700).jpg</path>
	<source>
		<database>Unknown</database>
	</source>
	<size>
		<width>500</width>
		<height>375</height>
		<depth>3</depth>
	</size>
	<segmented>0</segmented>
	<object>
		<name>gun</name>
		<pose>Unspecified</pose>
		<truncated>0</truncated>
		<difficult>0</difficult>
		<bndbox>
			<xmin>87</xmin>
			<ymin>70</ymin>
			<xmax>437</xmax>
			<ymax>286</ymax>
		</bndbox>
	</object>
	<object>
		<name>gun</name>
		<pose>Unspecified</pose>
		<truncated>0</truncated>
		<difficult>0</difficult>
		<bndbox>
			<xmin>11</xmin>
			<ymin>188</ymin>
			<xmax>212</xmax>
			<ymax>324</ymax>
		</bndbox>
	</object>
</annotation>
