<annotation>
	<folder>gun</folder>
	<filename>armas (1224).jpg</filename>
	<path>demo/gun\armas (1224).jpg</path>
	<source>
		<database>Unknown</database>
	</source>
	<size>
		<width>570</width>
		<height>359</height>
		<depth>3</depth>
	</size>
	<segmented>0</segmented>
	<object>
		<name>gun</name>
		<pose>Unspecified</pose>
		<truncated>1</truncated>
		<difficult>0</difficult>
		<bndbox>
			<xmin>1</xmin>
			<ymin>22</ymin>
			<xmax>547</xmax>
			<ymax>338</ymax>
		</bndbox>
	</object>
</annotation>
