<annotation>
	<folder>gun</folder>
	<filename>armas (1905).jpg</filename>
	<path>demo/gun\armas (1905).jpg</path>
	<source>
		<database>Unknown</database>
	</source>
	<size>
		<width>1300</width>
		<height>1330</height>
		<depth>3</depth>
	</size>
	<segmented>0</segmented>
	<object>
		<name>gun</name>
		<pose>Unspecified</pose>
		<truncated>0</truncated>
		<difficult>0</difficult>
		<bndbox>
			<xmin>114</xmin>
			<ymin>256</ymin>
			<xmax>823</xmax>
			<ymax>676</ymax>
		</bndbox>
	</object>
</annotation>
