<annotation>
	<folder>gun</folder>
	<filename>armas (1166).jpg</filename>
	<path>demo/gun\armas (1166).jpg</path>
	<source>
		<database>Unknown</database>
	</source>
	<size>
		<width>595</width>
		<height>286</height>
		<depth>3</depth>
	</size>
	<segmented>0</segmented>
	<object>
		<name>gun</name>
		<pose>Unspecified</pose>
		<truncated>1</truncated>
		<difficult>0</difficult>
		<bndbox>
			<xmin>22</xmin>
			<ymin>50</ymin>
			<xmax>548</xmax>
			<ymax>286</ymax>
		</bndbox>
	</object>
</annotation>
