<annotation>
	<folder>gun</folder>
	<filename>armas (1887).jpg</filename>
	<path>demo/gun\armas (1887).jpg</path>
	<source>
		<database>Unknown</database>
	</source>
	<size>
		<width>390</width>
		<height>285</height>
		<depth>3</depth>
	</size>
	<segmented>0</segmented>
	<object>
		<name>gun</name>
		<pose>Unspecified</pose>
		<truncated>0</truncated>
		<difficult>0</difficult>
		<bndbox>
			<xmin>62</xmin>
			<ymin>32</ymin>
			<xmax>186</xmax>
			<ymax>234</ymax>
		</bndbox>
	</object>
</annotation>
