<annotation>
	<folder>gun</folder>
	<filename>armas (246).jpg</filename>
	<path>demo/gun\armas (246).jpg</path>
	<source>
		<database>Unknown</database>
	</source>
	<size>
		<width>1608</width>
		<height>1258</height>
		<depth>3</depth>
	</size>
	<segmented>0</segmented>
	<object>
		<name>gun</name>
		<pose>Unspecified</pose>
		<truncated>0</truncated>
		<difficult>0</difficult>
		<bndbox>
			<xmin>85</xmin>
			<ymin>27</ymin>
			<xmax>728</xmax>
			<ymax>1205</ymax>
		</bndbox>
	</object>
</annotation>
