<annotation>
	<folder>gun</folder>
	<filename>armas (1174).jpg</filename>
	<path>demo/gun\armas (1174).jpg</path>
	<source>
		<database>Unknown</database>
	</source>
	<size>
		<width>1280</width>
		<height>720</height>
		<depth>3</depth>
	</size>
	<segmented>0</segmented>
	<object>
		<name>gun</name>
		<pose>Unspecified</pose>
		<truncated>0</truncated>
		<difficult>0</difficult>
		<bndbox>
			<xmin>125</xmin>
			<ymin>236</ymin>
			<xmax>577</xmax>
			<ymax>492</ymax>
		</bndbox>
	</object>
</annotation>
