<annotation>
	<folder>gun</folder>
	<filename>armas (1069).jpg</filename>
	<path>demo/gun\armas (1069).jpg</path>
	<source>
		<database>Unknown</database>
	</source>
	<size>
		<width>2634</width>
		<height>2340</height>
		<depth>3</depth>
	</size>
	<segmented>0</segmented>
	<object>
		<name>gun</name>
		<pose>Unspecified</pose>
		<truncated>0</truncated>
		<difficult>0</difficult>
		<bndbox>
			<xmin>1010</xmin>
			<ymin>146</ymin>
			<xmax>2577</xmax>
			<ymax>2118</ymax>
		</bndbox>
	</object>
	<object>
		<name>gun</name>
		<pose>Unspecified</pose>
		<truncated>0</truncated>
		<difficult>0</difficult>
		<bndbox>
			<xmin>155</xmin>
			<ymin>510</ymin>
			<xmax>1564</xmax>
			<ymax>2265</ymax>
		</bndbox>
	</object>
</annotation>
