<annotation>
	<folder>gun</folder>
	<filename>armas (1936).jpg</filename>
	<path>demo/gun\armas (1936).jpg</path>
	<source>
		<database>Unknown</database>
	</source>
	<size>
		<width>1500</width>
		<height>1600</height>
		<depth>3</depth>
	</size>
	<segmented>0</segmented>
	<object>
		<name>gun</name>
		<pose>Unspecified</pose>
		<truncated>0</truncated>
		<difficult>0</difficult>
		<bndbox>
			<xmin>776</xmin>
			<ymin>309</ymin>
			<xmax>1356</xmax>
			<ymax>971</ymax>
		</bndbox>
	</object>
</annotation>
