<annotation>
	<folder>gun</folder>
	<filename>armas (1082).jpg</filename>
	<path>demo/gun\armas (1082).jpg</path>
	<source>
		<database>Unknown</database>
	</source>
	<size>
		<width>703</width>
		<height>535</height>
		<depth>3</depth>
	</size>
	<segmented>0</segmented>
	<object>
		<name>gun</name>
		<pose>Unspecified</pose>
		<truncated>0</truncated>
		<difficult>0</difficult>
		<bndbox>
			<xmin>337</xmin>
			<ymin>4</ymin>
			<xmax>551</xmax>
			<ymax>142</ymax>
		</bndbox>
	</object>
</annotation>
