<annotation>
	<folder>gun</folder>
	<filename>armas (2826).jpg</filename>
	<path>demo/gun\armas (2826).jpg</path>
	<source>
		<database>Unknown</database>
	</source>
	<size>
		<width>630</width>
		<height>355</height>
		<depth>3</depth>
	</size>
	<segmented>0</segmented>
	<object>
		<name>gun</name>
		<pose>Unspecified</pose>
		<truncated>0</truncated>
		<difficult>0</difficult>
		<bndbox>
			<xmin>60</xmin>
			<ymin>43</ymin>
			<xmax>588</xmax>
			<ymax>340</ymax>
		</bndbox>
	</object>
</annotation>
