<annotation>
	<folder>gun</folder>
	<filename>armas (1099).jpg</filename>
	<path>demo/gun\armas (1099).jpg</path>
	<source>
		<database>Unknown</database>
	</source>
	<size>
		<width>512</width>
		<height>316</height>
		<depth>3</depth>
	</size>
	<segmented>0</segmented>
	<object>
		<name>gun</name>
		<pose>Unspecified</pose>
		<truncated>1</truncated>
		<difficult>0</difficult>
		<bndbox>
			<xmin>241</xmin>
			<ymin>51</ymin>
			<xmax>512</xmax>
			<ymax>254</ymax>
		</bndbox>
	</object>
</annotation>
