<annotation>
	<folder>gun</folder>
	<filename>armas (2810).jpg</filename>
	<path>demo/gun\armas (2810).jpg</path>
	<source>
		<database>Unknown</database>
	</source>
	<size>
		<width>728</width>
		<height>546</height>
		<depth>3</depth>
	</size>
	<segmented>0</segmented>
	<object>
		<name>gun</name>
		<pose>Unspecified</pose>
		<truncated>0</truncated>
		<difficult>0</difficult>
		<bndbox>
			<xmin>213</xmin>
			<ymin>195</ymin>
			<xmax>324</xmax>
			<ymax>276</ymax>
		</bndbox>
	</object>
</annotation>
