<annotation>
	<folder>gun</folder>
	<filename>armas (219).jpg</filename>
	<path>demo/gun\armas (219).jpg</path>
	<source>
		<database>Unknown</database>
	</source>
	<size>
		<width>1300</width>
		<height>956</height>
		<depth>3</depth>
	</size>
	<segmented>0</segmented>
	<object>
		<name>gun</name>
		<pose>Unspecified</pose>
		<truncated>1</truncated>
		<difficult>0</difficult>
		<bndbox>
			<xmin>1</xmin>
			<ymin>238</ymin>
			<xmax>533</xmax>
			<ymax>706</ymax>
		</bndbox>
	</object>
</annotation>
