<annotation>
	<folder>gun</folder>
	<filename>armas (1190).jpg</filename>
	<path>demo/gun\armas (1190).jpg</path>
	<source>
		<database>Unknown</database>
	</source>
	<size>
		<width>300</width>
		<height>293</height>
		<depth>3</depth>
	</size>
	<segmented>0</segmented>
	<object>
		<name>gun</name>
		<pose>Unspecified</pose>
		<truncated>1</truncated>
		<difficult>0</difficult>
		<bndbox>
			<xmin>3</xmin>
			<ymin>27</ymin>
			<xmax>300</xmax>
			<ymax>259</ymax>
		</bndbox>
	</object>
</annotation>
