<annotation>
	<folder>gun</folder>
	<filename>armas (1411).jpg</filename>
	<path>demo/gun\armas (1411).jpg</path>
	<source>
		<database>Unknown</database>
	</source>
	<size>
		<width>500</width>
		<height>375</height>
		<depth>3</depth>
	</size>
	<segmented>0</segmented>
	<object>
		<name>gun</name>
		<pose>Unspecified</pose>
		<truncated>0</truncated>
		<difficult>0</difficult>
		<bndbox>
			<xmin>175</xmin>
			<ymin>125</ymin>
			<xmax>225</xmax>
			<ymax>195</ymax>
		</bndbox>
	</object>
	<object>
		<name>gun</name>
		<pose>Unspecified</pose>
		<truncated>0</truncated>
		<difficult>0</difficult>
		<bndbox>
			<xmin>243</xmin>
			<ymin>151</ymin>
			<xmax>334</xmax>
			<ymax>265</ymax>
		</bndbox>
	</object>
</annotation>
