<annotation>
	<folder>gun</folder>
	<filename>armas (2785).jpg</filename>
	<path>demo/gun\armas (2785).jpg</path>
	<source>
		<database>Unknown</database>
	</source>
	<size>
		<width>400</width>
		<height>320</height>
		<depth>3</depth>
	</size>
	<segmented>0</segmented>
	<object>
		<name>gun</name>
		<pose>Unspecified</pose>
		<truncated>0</truncated>
		<difficult>0</difficult>
		<bndbox>
			<xmin>16</xmin>
			<ymin>11</ymin>
			<xmax>384</xmax>
			<ymax>302</ymax>
		</bndbox>
	</object>
</annotation>
