<annotation>
	<folder>gun</folder>
	<filename>armas (1272).jpg</filename>
	<path>demo/gun\armas (1272).jpg</path>
	<source>
		<database>Unknown</database>
	</source>
	<size>
		<width>500</width>
		<height>333</height>
		<depth>3</depth>
	</size>
	<segmented>0</segmented>
	<object>
		<name>gun</name>
		<pose>Unspecified</pose>
		<truncated>0</truncated>
		<difficult>0</difficult>
		<bndbox>
			<xmin>240</xmin>
			<ymin>126</ymin>
			<xmax>286</xmax>
			<ymax>168</ymax>
		</bndbox>
	</object>
</annotation>
