<annotation>
	<folder>gun</folder>
	<filename>armas (2798).jpg</filename>
	<path>demo/gun\armas (2798).jpg</path>
	<source>
		<database>Unknown</database>
	</source>
	<size>
		<width>700</width>
		<height>572</height>
		<depth>3</depth>
	</size>
	<segmented>0</segmented>
	<object>
		<name>gun</name>
		<pose>Unspecified</pose>
		<truncated>0</truncated>
		<difficult>0</difficult>
		<bndbox>
			<xmin>461</xmin>
			<ymin>120</ymin>
			<xmax>634</xmax>
			<ymax>379</ymax>
		</bndbox>
	</object>
</annotation>
