<annotation>
	<folder>gun</folder>
	<filename>armas (1775).jpg</filename>
	<path>demo/gun\armas (1775).jpg</path>
	<source>
		<database>Unknown</database>
	</source>
	<size>
		<width>457</width>
		<height>331</height>
		<depth>3</depth>
	</size>
	<segmented>0</segmented>
	<object>
		<name>gun</name>
		<pose>Unspecified</pose>
		<truncated>0</truncated>
		<difficult>0</difficult>
		<bndbox>
			<xmin>4</xmin>
			<ymin>9</ymin>
			<xmax>437</xmax>
			<ymax>309</ymax>
		</bndbox>
	</object>
</annotation>
