<annotation>
	<folder>gun</folder>
	<filename>armas (1326).jpg</filename>
	<path>demo/gun\armas (1326).jpg</path>
	<source>
		<database>Unknown</database>
	</source>
	<size>
		<width>584</width>
		<height>405</height>
		<depth>3</depth>
	</size>
	<segmented>0</segmented>
	<object>
		<name>gun</name>
		<pose>Unspecified</pose>
		<truncated>0</truncated>
		<difficult>0</difficult>
		<bndbox>
			<xmin>26</xmin>
			<ymin>14</ymin>
			<xmax>576</xmax>
			<ymax>365</ymax>
		</bndbox>
	</object>
</annotation>
