<annotation>
	<folder>gun</folder>
	<filename>armas (202).jpg</filename>
	<path>demo/gun\armas (202).jpg</path>
	<source>
		<database>Unknown</database>
	</source>
	<size>
		<width>1006</width>
		<height>1390</height>
		<depth>3</depth>
	</size>
	<segmented>0</segmented>
	<object>
		<name>gun</name>
		<pose>Unspecified</pose>
		<truncated>0</truncated>
		<difficult>0</difficult>
		<bndbox>
			<xmin>401</xmin>
			<ymin>182</ymin>
			<xmax>609</xmax>
			<ymax>740</ymax>
		</bndbox>
	</object>
</annotation>
