<annotation>
	<folder>gun</folder>
	<filename>armas (2816).jpg</filename>
	<path>demo/gun\armas (2816).jpg</path>
	<source>
		<database>Unknown</database>
	</source>
	<size>
		<width>600</width>
		<height>366</height>
		<depth>3</depth>
	</size>
	<segmented>0</segmented>
	<object>
		<name>gun</name>
		<pose>Unspecified</pose>
		<truncated>0</truncated>
		<difficult>0</difficult>
		<bndbox>
			<xmin>33</xmin>
			<ymin>18</ymin>
			<xmax>584</xmax>
			<ymax>354</ymax>
		</bndbox>
	</object>
</annotation>
