<annotation>
	<folder>gun</folder>
	<filename>armas (1280).jpg</filename>
	<path>demo/gun\armas (1280).jpg</path>
	<source>
		<database>Unknown</database>
	</source>
	<size>
		<width>500</width>
		<height>500</height>
		<depth>1</depth>
	</size>
	<segmented>0</segmented>
	<object>
		<name>gun</name>
		<pose>Unspecified</pose>
		<truncated>0</truncated>
		<difficult>0</difficult>
		<bndbox>
			<xmin>123</xmin>
			<ymin>158</ymin>
			<xmax>284</xmax>
			<ymax>296</ymax>
		</bndbox>
	</object>
</annotation>
