<annotation>
	<folder>gun</folder>
	<filename>armas (1512).jpg</filename>
	<path>demo/gun\armas (1512).jpg</path>
	<source>
		<database>Unknown</database>
	</source>
	<size>
		<width>375</width>
		<height>500</height>
		<depth>3</depth>
	</size>
	<segmented>0</segmented>
	<object>
		<name>gun</name>
		<pose>Unspecified</pose>
		<truncated>0</truncated>
		<difficult>0</difficult>
		<bndbox>
			<xmin>170</xmin>
			<ymin>167</ymin>
			<xmax>201</xmax>
			<ymax>206</ymax>
		</bndbox>
	</object>
</annotation>
