<annotation>
	<folder>gun</folder>
	<filename>armas (2803).jpg</filename>
	<path>demo/gun\armas (2803).jpg</path>
	<source>
		<database>Unknown</database>
	</source>
	<size>
		<width>300</width>
		<height>450</height>
		<depth>3</depth>
	</size>
	<segmented>0</segmented>
	<object>
		<name>gun</name>
		<pose>Unspecified</pose>
		<truncated>0</truncated>
		<difficult>0</difficult>
		<bndbox>
			<xmin>50</xmin>
			<ymin>58</ymin>
			<xmax>103</xmax>
			<ymax>149</ymax>
		</bndbox>
	</object>
</annotation>
