<annotation>
	<folder>gun</folder>
	<filename>armas (233).jpg</filename>
	<path>demo/gun\armas (233).jpg</path>
	<source>
		<database>Unknown</database>
	</source>
	<size>
		<width>1600</width>
		<height>974</height>
		<depth>3</depth>
	</size>
	<segmented>0</segmented>
	<object>
		<name>gun</name>
		<pose>Unspecified</pose>
		<truncated>0</truncated>
		<difficult>0</difficult>
		<bndbox>
			<xmin>432</xmin>
			<ymin>678</ymin>
			<xmax>594</xmax>
			<ymax>808</ymax>
		</bndbox>
	</object>
</annotation>
