<annotation>
	<folder>gun</folder>
	<filename>armas (1805).jpg</filename>
	<path>demo/gun\armas (1805).jpg</path>
	<source>
		<database>Unknown</database>
	</source>
	<size>
		<width>346</width>
		<height>540</height>
		<depth>3</depth>
	</size>
	<segmented>0</segmented>
	<object>
		<name>gun</name>
		<pose>Unspecified</pose>
		<truncated>0</truncated>
		<difficult>0</difficult>
		<bndbox>
			<xmin>198</xmin>
			<ymin>169</ymin>
			<xmax>240</xmax>
			<ymax>277</ymax>
		</bndbox>
	</object>
</annotation>
