<annotation>
	<folder>gun</folder>
	<filename>armas (1590).jpg</filename>
	<path>demo/gun\armas (1590).jpg</path>
	<source>
		<database>Unknown</database>
	</source>
	<size>
		<width>500</width>
		<height>375</height>
		<depth>3</depth>
	</size>
	<segmented>0</segmented>
	<object>
		<name>gun</name>
		<pose>Unspecified</pose>
		<truncated>0</truncated>
		<difficult>0</difficult>
		<bndbox>
			<xmin>198</xmin>
			<ymin>15</ymin>
			<xmax>427</xmax>
			<ymax>179</ymax>
		</bndbox>
	</object>
	<object>
		<name>gun</name>
		<pose>Unspecified</pose>
		<truncated>0</truncated>
		<difficult>0</difficult>
		<bndbox>
			<xmin>124</xmin>
			<ymin>103</ymin>
			<xmax>370</xmax>
			<ymax>274</ymax>
		</bndbox>
	</object>
	<object>
		<name>gun</name>
		<pose>Unspecified</pose>
		<truncated>0</truncated>
		<difficult>0</difficult>
		<bndbox>
			<xmin>38</xmin>
			<ymin>196</ymin>
			<xmax>303</xmax>
			<ymax>370</ymax>
		</bndbox>
	</object>
</annotation>
