<annotation>
	<folder>gun</folder>
	<filename>armas (226).jpg</filename>
	<path>demo/gun\armas (226).jpg</path>
	<source>
		<database>Unknown</database>
	</source>
	<size>
		<width>1300</width>
		<height>1065</height>
		<depth>3</depth>
	</size>
	<segmented>0</segmented>
	<object>
		<name>gun</name>
		<pose>Unspecified</pose>
		<truncated>0</truncated>
		<difficult>0</difficult>
		<bndbox>
			<xmin>647</xmin>
			<ymin>574</ymin>
			<xmax>739</xmax>
			<ymax>732</ymax>
		</bndbox>
	</object>
</annotation>
