<annotation>
	<folder>gun</folder>
	<filename>armas (2819).jpg</filename>
	<path>demo/gun\armas (2819).jpg</path>
	<source>
		<database>Unknown</database>
	</source>
	<size>
		<width>896</width>
		<height>920</height>
		<depth>3</depth>
	</size>
	<segmented>0</segmented>
	<object>
		<name>gun</name>
		<pose>Unspecified</pose>
		<truncated>0</truncated>
		<difficult>0</difficult>
		<bndbox>
			<xmin>86</xmin>
			<ymin>369</ymin>
			<xmax>765</xmax>
			<ymax>629</ymax>
		</bndbox>
	</object>
</annotation>
