<annotation>
	<folder>gun</folder>
	<filename>armas (2795).jpg</filename>
	<path>demo/gun\armas (2795).jpg</path>
	<source>
		<database>Unknown</database>
	</source>
	<size>
		<width>600</width>
		<height>399</height>
		<depth>3</depth>
	</size>
	<segmented>0</segmented>
	<object>
		<name>gun</name>
		<pose>Unspecified</pose>
		<truncated>0</truncated>
		<difficult>0</difficult>
		<bndbox>
			<xmin>272</xmin>
			<ymin>3</ymin>
			<xmax>507</xmax>
			<ymax>352</ymax>
		</bndbox>
	</object>
</annotation>
