<annotation>
	<folder>gun</folder>
	<filename>armas (1918).jpg</filename>
	<path>demo/gun\armas (1918).jpg</path>
	<source>
		<database>Unknown</database>
	</source>
	<size>
		<width>3000</width>
		<height>2208</height>
		<depth>3</depth>
	</size>
	<segmented>0</segmented>
	<object>
		<name>gun</name>
		<pose>Unspecified</pose>
		<truncated>0</truncated>
		<difficult>0</difficult>
		<bndbox>
			<xmin>1466</xmin>
			<ymin>309</ymin>
			<xmax>2893</xmax>
			<ymax>1270</ymax>
		</bndbox>
	</object>
	<object>
		<name>gun</name>
		<pose>Unspecified</pose>
		<truncated>0</truncated>
		<difficult>0</difficult>
		<bndbox>
			<xmin>322</xmin>
			<ymin>1184</ymin>
			<xmax>2901</xmax>
			<ymax>2011</ymax>
		</bndbox>
	</object>
	<object>
		<name>gun</name>
		<pose>Unspecified</pose>
		<truncated>0</truncated>
		<difficult>0</difficult>
		<bndbox>
			<xmin>228</xmin>
			<ymin>511</ymin>
			<xmax>1959</xmax>
			<ymax>1442</ymax>
		</bndbox>
	</object>
</annotation>
