<annotation>
	<folder>gun</folder>
	<filename>armas (2073).jpg</filename>
	<path>demo/gun\armas (2073).jpg</path>
	<source>
		<database>Unknown</database>
	</source>
	<size>
		<width>800</width>
		<height>977</height>
		<depth>3</depth>
	</size>
	<segmented>0</segmented>
	<object>
		<name>gun</name>
		<pose>Unspecified</pose>
		<truncated>0</truncated>
		<difficult>0</difficult>
		<bndbox>
			<xmin>258</xmin>
			<ymin>232</ymin>
			<xmax>400</xmax>
			<ymax>626</ymax>
		</bndbox>
	</object>
</annotation>
