<annotation>
	<folder>gun</folder>
	<filename>armas (143).jpg</filename>
	<path>demo/gun\armas (143).jpg</path>
	<source>
		<database>Unknown</database>
	</source>
	<size>
		<width>1300</width>
		<height>866</height>
		<depth>3</depth>
	</size>
	<segmented>0</segmented>
	<object>
		<name>gun</name>
		<pose>Unspecified</pose>
		<truncated>0</truncated>
		<difficult>0</difficult>
		<bndbox>
			<xmin>608</xmin>
			<ymin>49</ymin>
			<xmax>972</xmax>
			<ymax>320</ymax>
		</bndbox>
	</object>
</annotation>
