<annotation>
	<folder>gun</folder>
	<filename>armas (1197).jpg</filename>
	<path>demo/gun\armas (1197).jpg</path>
	<source>
		<database>Unknown</database>
	</source>
	<size>
		<width>500</width>
		<height>375</height>
		<depth>3</depth>
	</size>
	<segmented>0</segmented>
	<object>
		<name>gun</name>
		<pose>Unspecified</pose>
		<truncated>0</truncated>
		<difficult>0</difficult>
		<bndbox>
			<xmin>71</xmin>
			<ymin>5</ymin>
			<xmax>497</xmax>
			<ymax>231</ymax>
		</bndbox>
	</object>
	<object>
		<name>gun</name>
		<pose>Unspecified</pose>
		<truncated>0</truncated>
		<difficult>0</difficult>
		<bndbox>
			<xmin>11</xmin>
			<ymin>127</ymin>
			<xmax>363</xmax>
			<ymax>364</ymax>
		</bndbox>
	</object>
</annotation>
