<annotation>
	<folder>gun</folder>
	<filename>armas (1295).jpg</filename>
	<path>demo/gun\armas (1295).jpg</path>
	<source>
		<database>Unknown</database>
	</source>
	<size>
		<width>496</width>
		<height>487</height>
		<depth>3</depth>
	</size>
	<segmented>0</segmented>
	<object>
		<name>gun</name>
		<pose>Unspecified</pose>
		<truncated>0</truncated>
		<difficult>0</difficult>
		<bndbox>
			<xmin>271</xmin>
			<ymin>12</ymin>
			<xmax>486</xmax>
			<ymax>355</ymax>
		</bndbox>
	</object>
	<object>
		<name>gun</name>
		<pose>Unspecified</pose>
		<truncated>0</truncated>
		<difficult>0</difficult>
		<bndbox>
			<xmin>60</xmin>
			<ymin>90</ymin>
			<xmax>289</xmax>
			<ymax>468</ymax>
		</bndbox>
	</object>
</annotation>
