<annotation>
	<folder>gun</folder>
	<filename>armas (1961).jpg</filename>
	<path>demo/gun\armas (1961).jpg</path>
	<source>
		<database>Unknown</database>
	</source>
	<size>
		<width>167</width>
		<height>150</height>
		<depth>3</depth>
	</size>
	<segmented>0</segmented>
	<object>
		<name>gun</name>
		<pose>Unspecified</pose>
		<truncated>0</truncated>
		<difficult>0</difficult>
		<bndbox>
			<xmin>63</xmin>
			<ymin>118</ymin>
			<xmax>113</xmax>
			<ymax>148</ymax>
		</bndbox>
	</object>
</annotation>
