<annotation>
	<folder>gun</folder>
	<filename>armas (1055).jpg</filename>
	<path>demo/gun\armas (1055).jpg</path>
	<source>
		<database>Unknown</database>
	</source>
	<size>
		<width>800</width>
		<height>488</height>
		<depth>3</depth>
	</size>
	<segmented>0</segmented>
	<object>
		<name>gun</name>
		<pose>Unspecified</pose>
		<truncated>0</truncated>
		<difficult>0</difficult>
		<bndbox>
			<xmin>3</xmin>
			<ymin>33</ymin>
			<xmax>796</xmax>
			<ymax>483</ymax>
		</bndbox>
	</object>
</annotation>
