<annotation>
	<folder>gun</folder>
	<filename>armas (1749).jpg</filename>
	<path>demo/gun\armas (1749).jpg</path>
	<source>
		<database>Unknown</database>
	</source>
	<size>
		<width>413</width>
		<height>423</height>
		<depth>3</depth>
	</size>
	<segmented>0</segmented>
	<object>
		<name>gun</name>
		<pose>Unspecified</pose>
		<truncated>0</truncated>
		<difficult>0</difficult>
		<bndbox>
			<xmin>86</xmin>
			<ymin>86</ymin>
			<xmax>380</xmax>
			<ymax>398</ymax>
		</bndbox>
	</object>
</annotation>
