<annotation>
	<folder>gun</folder>
	<filename>armas (2797).jpg</filename>
	<path>demo/gun\armas (2797).jpg</path>
	<source>
		<database>Unknown</database>
	</source>
	<size>
		<width>601</width>
		<height>255</height>
		<depth>3</depth>
	</size>
	<segmented>0</segmented>
	<object>
		<name>gun</name>
		<pose>Unspecified</pose>
		<truncated>1</truncated>
		<difficult>0</difficult>
		<bndbox>
			<xmin>190</xmin>
			<ymin>1</ymin>
			<xmax>381</xmax>
			<ymax>232</ymax>
		</bndbox>
	</object>
</annotation>
