<annotation>
	<folder>gun</folder>
	<filename>armas (2127).jpg</filename>
	<path>demo/gun\armas (2127).jpg</path>
	<source>
		<database>Unknown</database>
	</source>
	<size>
		<width>634</width>
		<height>634</height>
		<depth>3</depth>
	</size>
	<segmented>0</segmented>
	<object>
		<name>gun</name>
		<pose>Unspecified</pose>
		<truncated>0</truncated>
		<difficult>0</difficult>
		<bndbox>
			<xmin>154</xmin>
			<ymin>404</ymin>
			<xmax>275</xmax>
			<ymax>514</ymax>
		</bndbox>
	</object>
</annotation>
