<annotation>
	<folder>gun</folder>
	<filename>armas (1986).jpg</filename>
	<path>demo/gun\armas (1986).jpg</path>
	<source>
		<database>Unknown</database>
	</source>
	<size>
		<width>900</width>
		<height>675</height>
		<depth>3</depth>
	</size>
	<segmented>0</segmented>
	<object>
		<name>gun</name>
		<pose>Unspecified</pose>
		<truncated>0</truncated>
		<difficult>0</difficult>
		<bndbox>
			<xmin>4</xmin>
			<ymin>4</ymin>
			<xmax>895</xmax>
			<ymax>671</ymax>
		</bndbox>
	</object>
</annotation>
