<annotation>
	<folder>gun</folder>
	<filename>armas (1097).jpg</filename>
	<path>demo/gun\armas (1097).jpg</path>
	<source>
		<database>Unknown</database>
	</source>
	<size>
		<width>300</width>
		<height>257</height>
		<depth>3</depth>
	</size>
	<segmented>0</segmented>
	<object>
		<name>gun</name>
		<pose>Unspecified</pose>
		<truncated>1</truncated>
		<difficult>0</difficult>
		<bndbox>
			<xmin>1</xmin>
			<ymin>36</ymin>
			<xmax>300</xmax>
			<ymax>241</ymax>
		</bndbox>
	</object>
</annotation>
