<annotation>
	<folder>gun</folder>
	<filename>armas (1402).jpg</filename>
	<path>demo/gun\armas (1402).jpg</path>
	<source>
		<database>Unknown</database>
	</source>
	<size>
		<width>500</width>
		<height>375</height>
		<depth>3</depth>
	</size>
	<segmented>0</segmented>
	<object>
		<name>gun</name>
		<pose>Unspecified</pose>
		<truncated>0</truncated>
		<difficult>0</difficult>
		<bndbox>
			<xmin>145</xmin>
			<ymin>72</ymin>
			<xmax>387</xmax>
			<ymax>254</ymax>
		</bndbox>
	</object>
	<object>
		<name>gun</name>
		<pose>Unspecified</pose>
		<truncated>0</truncated>
		<difficult>0</difficult>
		<bndbox>
			<xmin>99</xmin>
			<ymin>162</ymin>
			<xmax>334</xmax>
			<ymax>308</ymax>
		</bndbox>
	</object>
</annotation>
