<annotation>
	<folder>gun</folder>
	<filename>armas (1060).jpg</filename>
	<path>demo/gun\armas (1060).jpg</path>
	<source>
		<database>Unknown</database>
	</source>
	<size>
		<width>400</width>
		<height>268</height>
		<depth>3</depth>
	</size>
	<segmented>0</segmented>
	<object>
		<name>gun</name>
		<pose>Unspecified</pose>
		<truncated>0</truncated>
		<difficult>0</difficult>
		<bndbox>
			<xmin>71</xmin>
			<ymin>55</ymin>
			<xmax>289</xmax>
			<ymax>212</ymax>
		</bndbox>
	</object>
</annotation>
