<annotation>
	<folder>gun</folder>
	<filename>armas (230).jpg</filename>
	<path>demo/gun\armas (230).jpg</path>
	<source>
		<database>Unknown</database>
	</source>
	<size>
		<width>1067</width>
		<height>854</height>
		<depth>3</depth>
	</size>
	<segmented>0</segmented>
	<object>
		<name>gun</name>
		<pose>Unspecified</pose>
		<truncated>0</truncated>
		<difficult>0</difficult>
		<bndbox>
			<xmin>615</xmin>
			<ymin>205</ymin>
			<xmax>764</xmax>
			<ymax>304</ymax>
		</bndbox>
	</object>
</annotation>
