<annotation>
	<folder>gun</folder>
	<filename>armas (1087).jpg</filename>
	<path>demo/gun\armas (1087).jpg</path>
	<source>
		<database>Unknown</database>
	</source>
	<size>
		<width>600</width>
		<height>436</height>
		<depth>3</depth>
	</size>
	<segmented>0</segmented>
	<object>
		<name>gun</name>
		<pose>Unspecified</pose>
		<truncated>0</truncated>
		<difficult>0</difficult>
		<bndbox>
			<xmin>55</xmin>
			<ymin>12</ymin>
			<xmax>568</xmax>
			<ymax>425</ymax>
		</bndbox>
	</object>
</annotation>
