<annotation>
	<folder>gun</folder>
	<filename>armas (1779).jpg</filename>
	<path>demo/gun\armas (1779).jpg</path>
	<source>
		<database>Unknown</database>
	</source>
	<size>
		<width>1920</width>
		<height>1200</height>
		<depth>3</depth>
	</size>
	<segmented>0</segmented>
	<object>
		<name>gun</name>
		<pose>Unspecified</pose>
		<truncated>1</truncated>
		<difficult>0</difficult>
		<bndbox>
			<xmin>592</xmin>
			<ymin>121</ymin>
			<xmax>1920</xmax>
			<ymax>1193</ymax>
		</bndbox>
	</object>
</annotation>
