<annotation>
	<folder>gun</folder>
	<filename>armas (1157).jpg</filename>
	<path>demo/gun\armas (1157).jpg</path>
	<source>
		<database>Unknown</database>
	</source>
	<size>
		<width>2000</width>
		<height>1000</height>
		<depth>3</depth>
	</size>
	<segmented>0</segmented>
	<object>
		<name>gun</name>
		<pose>Unspecified</pose>
		<truncated>0</truncated>
		<difficult>0</difficult>
		<bndbox>
			<xmin>531</xmin>
			<ymin>85</ymin>
			<xmax>1128</xmax>
			<ymax>947</ymax>
		</bndbox>
	</object>
</annotation>
