<annotation>
	<folder>gun</folder>
	<filename>armas (2095).jpg</filename>
	<path>demo/gun\armas (2095).jpg</path>
	<source>
		<database>Unknown</database>
	</source>
	<size>
		<width>2000</width>
		<height>1333</height>
		<depth>3</depth>
	</size>
	<segmented>0</segmented>
	<object>
		<name>gun</name>
		<pose>Unspecified</pose>
		<truncated>0</truncated>
		<difficult>0</difficult>
		<bndbox>
			<xmin>212</xmin>
			<ymin>300</ymin>
			<xmax>1928</xmax>
			<ymax>1089</ymax>
		</bndbox>
	</object>
</annotation>
