<annotation>
	<folder>gun</folder>
	<filename>armas (1765).jpg</filename>
	<path>demo/gun\armas (1765).jpg</path>
	<source>
		<database>Unknown</database>
	</source>
	<size>
		<width>350</width>
		<height>277</height>
		<depth>3</depth>
	</size>
	<segmented>0</segmented>
	<object>
		<name>gun</name>
		<pose>Unspecified</pose>
		<truncated>0</truncated>
		<difficult>0</difficult>
		<bndbox>
			<xmin>7</xmin>
			<ymin>5</ymin>
			<xmax>335</xmax>
			<ymax>267</ymax>
		</bndbox>
	</object>
</annotation>
