<annotation>
	<folder>gun</folder>
	<filename>armas (281).jpg</filename>
	<path>demo/gun\armas (281).jpg</path>
	<source>
		<database>Unknown</database>
	</source>
	<size>
		<width>640</width>
		<height>425</height>
		<depth>3</depth>
	</size>
	<segmented>0</segmented>
	<object>
		<name>gun</name>
		<pose>Unspecified</pose>
		<truncated>1</truncated>
		<difficult>0</difficult>
		<bndbox>
			<xmin>90</xmin>
			<ymin>146</ymin>
			<xmax>236</xmax>
			<ymax>425</ymax>
		</bndbox>
	</object>
</annotation>
