<annotation>
	<folder>gun</folder>
	<filename>armas (1810).jpg</filename>
	<path>demo/gun\armas (1810).jpg</path>
	<source>
		<database>Unknown</database>
	</source>
	<size>
		<width>346</width>
		<height>540</height>
		<depth>3</depth>
	</size>
	<segmented>0</segmented>
	<object>
		<name>gun</name>
		<pose>Unspecified</pose>
		<truncated>0</truncated>
		<difficult>0</difficult>
		<bndbox>
			<xmin>155</xmin>
			<ymin>342</ymin>
			<xmax>258</xmax>
			<ymax>521</ymax>
		</bndbox>
	</object>
</annotation>
