<annotation>
	<folder>gun</folder>
	<filename>armas (1533).jpg</filename>
	<path>demo/gun\armas (1533).jpg</path>
	<source>
		<database>Unknown</database>
	</source>
	<size>
		<width>375</width>
		<height>500</height>
		<depth>3</depth>
	</size>
	<segmented>0</segmented>
	<object>
		<name>gun</name>
		<pose>Unspecified</pose>
		<truncated>1</truncated>
		<difficult>0</difficult>
		<bndbox>
			<xmin>50</xmin>
			<ymin>111</ymin>
			<xmax>375</xmax>
			<ymax>500</ymax>
		</bndbox>
	</object>
</annotation>
