<annotation>
	<folder>gun</folder>
	<filename>armas (110).jpg</filename>
	<path>demo/gun\armas (110).jpg</path>
	<source>
		<database>Unknown</database>
	</source>
	<size>
		<width>1300</width>
		<height>731</height>
		<depth>1</depth>
	</size>
	<segmented>0</segmented>
	<object>
		<name>gun</name>
		<pose>Unspecified</pose>
		<truncated>0</truncated>
		<difficult>0</difficult>
		<bndbox>
			<xmin>225</xmin>
			<ymin>30</ymin>
			<xmax>1048</xmax>
			<ymax>681</ymax>
		</bndbox>
	</object>
</annotation>
