<annotation>
	<folder>gun</folder>
	<filename>armas (1741).jpg</filename>
	<path>demo/gun\armas (1741).jpg</path>
	<source>
		<database>Unknown</database>
	</source>
	<size>
		<width>500</width>
		<height>376</height>
		<depth>3</depth>
	</size>
	<segmented>0</segmented>
	<object>
		<name>gun</name>
		<pose>Unspecified</pose>
		<truncated>0</truncated>
		<difficult>0</difficult>
		<bndbox>
			<xmin>23</xmin>
			<ymin>44</ymin>
			<xmax>454</xmax>
			<ymax>343</ymax>
		</bndbox>
	</object>
</annotation>
