<annotation>
	<folder>gun</folder>
	<filename>armas (1542).jpg</filename>
	<path>demo/gun\armas (1542).jpg</path>
	<source>
		<database>Unknown</database>
	</source>
	<size>
		<width>500</width>
		<height>333</height>
		<depth>3</depth>
	</size>
	<segmented>0</segmented>
	<object>
		<name>gun</name>
		<pose>Unspecified</pose>
		<truncated>0</truncated>
		<difficult>0</difficult>
		<bndbox>
			<xmin>202</xmin>
			<ymin>52</ymin>
			<xmax>454</xmax>
			<ymax>216</ymax>
		</bndbox>
	</object>
	<object>
		<name>gun</name>
		<pose>Unspecified</pose>
		<truncated>0</truncated>
		<difficult>0</difficult>
		<bndbox>
			<xmin>46</xmin>
			<ymin>116</ymin>
			<xmax>360</xmax>
			<ymax>296</ymax>
		</bndbox>
	</object>
</annotation>
