<annotation>
	<folder>gun</folder>
	<filename>armas (190).jpg</filename>
	<path>demo/gun\armas (190).jpg</path>
	<source>
		<database>Unknown</database>
	</source>
	<size>
		<width>660</width>
		<height>371</height>
		<depth>3</depth>
	</size>
	<segmented>0</segmented>
	<object>
		<name>gun</name>
		<pose>Unspecified</pose>
		<truncated>0</truncated>
		<difficult>0</difficult>
		<bndbox>
			<xmin>69</xmin>
			<ymin>5</ymin>
			<xmax>505</xmax>
			<ymax>357</ymax>
		</bndbox>
	</object>
</annotation>
