<annotation>
	<folder>gun</folder>
	<filename>armas (1910).jpg</filename>
	<path>demo/gun\armas (1910).jpg</path>
	<source>
		<database>Unknown</database>
	</source>
	<size>
		<width>635</width>
		<height>431</height>
		<depth>3</depth>
	</size>
	<segmented>0</segmented>
	<object>
		<name>gun</name>
		<pose>Unspecified</pose>
		<truncated>0</truncated>
		<difficult>0</difficult>
		<bndbox>
			<xmin>242</xmin>
			<ymin>174</ymin>
			<xmax>340</xmax>
			<ymax>312</ymax>
		</bndbox>
	</object>
</annotation>
