<annotation>
	<folder>gun</folder>
	<filename>armas (2051).jpg</filename>
	<path>demo/gun\armas (2051).jpg</path>
	<source>
		<database>Unknown</database>
	</source>
	<size>
		<width>750</width>
		<height>573</height>
		<depth>3</depth>
	</size>
	<segmented>0</segmented>
	<object>
		<name>gun</name>
		<pose>Unspecified</pose>
		<truncated>0</truncated>
		<difficult>0</difficult>
		<bndbox>
			<xmin>7</xmin>
			<ymin>4</ymin>
			<xmax>740</xmax>
			<ymax>568</ymax>
		</bndbox>
	</object>
</annotation>
