<annotation>
	<folder>gun</folder>
	<filename>armas (1107).jpg</filename>
	<path>demo/gun\armas (1107).jpg</path>
	<source>
		<database>Unknown</database>
	</source>
	<size>
		<width>1628</width>
		<height>1499</height>
		<depth>3</depth>
	</size>
	<segmented>0</segmented>
	<object>
		<name>gun</name>
		<pose>Unspecified</pose>
		<truncated>0</truncated>
		<difficult>0</difficult>
		<bndbox>
			<xmin>1005</xmin>
			<ymin>501</ymin>
			<xmax>1458</xmax>
			<ymax>969</ymax>
		</bndbox>
	</object>
</annotation>
