<annotation>
	<folder>gun</folder>
	<filename>armas (1574).jpg</filename>
	<path>demo/gun\armas (1574).jpg</path>
	<source>
		<database>Unknown</database>
	</source>
	<size>
		<width>500</width>
		<height>390</height>
		<depth>3</depth>
	</size>
	<segmented>0</segmented>
	<object>
		<name>gun</name>
		<pose>Unspecified</pose>
		<truncated>0</truncated>
		<difficult>0</difficult>
		<bndbox>
			<xmin>253</xmin>
			<ymin>8</ymin>
			<xmax>483</xmax>
			<ymax>374</ymax>
		</bndbox>
	</object>
	<object>
		<name>gun</name>
		<pose>Unspecified</pose>
		<truncated>0</truncated>
		<difficult>0</difficult>
		<bndbox>
			<xmin>16</xmin>
			<ymin>62</ymin>
			<xmax>256</xmax>
			<ymax>362</ymax>
		</bndbox>
	</object>
</annotation>
