<annotation>
	<folder>gun</folder>
	<filename>armas (2151).jpg</filename>
	<path>demo/gun\armas (2151).jpg</path>
	<source>
		<database>Unknown</database>
	</source>
	<size>
		<width>480</width>
		<height>360</height>
		<depth>3</depth>
	</size>
	<segmented>0</segmented>
	<object>
		<name>gun</name>
		<pose>Unspecified</pose>
		<truncated>0</truncated>
		<difficult>0</difficult>
		<bndbox>
			<xmin>135</xmin>
			<ymin>93</ymin>
			<xmax>195</xmax>
			<ymax>137</ymax>
		</bndbox>
	</object>
</annotation>
