<annotation>
	<folder>gun</folder>
	<filename>armas (2786).jpg</filename>
	<path>demo/gun\armas (2786).jpg</path>
	<source>
		<database>Unknown</database>
	</source>
	<size>
		<width>495</width>
		<height>464</height>
		<depth>3</depth>
	</size>
	<segmented>0</segmented>
	<object>
		<name>gun</name>
		<pose>Unspecified</pose>
		<truncated>0</truncated>
		<difficult>0</difficult>
		<bndbox>
			<xmin>133</xmin>
			<ymin>156</ymin>
			<xmax>184</xmax>
			<ymax>241</ymax>
		</bndbox>
	</object>
</annotation>
