<annotation>
	<folder>gun</folder>
	<filename>armas (2780).jpg</filename>
	<path>demo/gun\armas (2780).jpg</path>
	<source>
		<database>Unknown</database>
	</source>
	<size>
		<width>300</width>
		<height>188</height>
		<depth>3</depth>
	</size>
	<segmented>0</segmented>
	<object>
		<name>gun</name>
		<pose>Unspecified</pose>
		<truncated>0</truncated>
		<difficult>0</difficult>
		<bndbox>
			<xmin>22</xmin>
			<ymin>4</ymin>
			<xmax>280</xmax>
			<ymax>164</ymax>
		</bndbox>
	</object>
</annotation>
