<annotation>
	<folder>gun</folder>
	<filename>armas (1178).jpg</filename>
	<path>demo/gun\armas (1178).jpg</path>
	<source>
		<database>Unknown</database>
	</source>
	<size>
		<width>575</width>
		<height>302</height>
		<depth>3</depth>
	</size>
	<segmented>0</segmented>
	<object>
		<name>gun</name>
		<pose>Unspecified</pose>
		<truncated>0</truncated>
		<difficult>0</difficult>
		<bndbox>
			<xmin>144</xmin>
			<ymin>50</ymin>
			<xmax>226</xmax>
			<ymax>152</ymax>
		</bndbox>
	</object>
</annotation>
