<annotation>
	<folder>gun</folder>
	<filename>armas (250).jpg</filename>
	<path>demo/gun\armas (250).jpg</path>
	<source>
		<database>Unknown</database>
	</source>
	<size>
		<width>379</width>
		<height>261</height>
		<depth>3</depth>
	</size>
	<segmented>0</segmented>
	<object>
		<name>gun</name>
		<pose>Unspecified</pose>
		<truncated>1</truncated>
		<difficult>0</difficult>
		<bndbox>
			<xmin>4</xmin>
			<ymin>5</ymin>
			<xmax>374</xmax>
			<ymax>261</ymax>
		</bndbox>
	</object>
</annotation>
