<annotation>
	<folder>gun</folder>
	<filename>armas (213).jpg</filename>
	<path>demo/gun\armas (213).jpg</path>
	<source>
		<database>Unknown</database>
	</source>
	<size>
		<width>728</width>
		<height>481</height>
		<depth>3</depth>
	</size>
	<segmented>0</segmented>
	<object>
		<name>gun</name>
		<pose>Unspecified</pose>
		<truncated>0</truncated>
		<difficult>0</difficult>
		<bndbox>
			<xmin>276</xmin>
			<ymin>198</ymin>
			<xmax>571</xmax>
			<ymax>430</ymax>
		</bndbox>
	</object>
	<object>
		<name>gun</name>
		<pose>Unspecified</pose>
		<truncated>0</truncated>
		<difficult>0</difficult>
		<bndbox>
			<xmin>487</xmin>
			<ymin>115</ymin>
			<xmax>634</xmax>
			<ymax>223</ymax>
		</bndbox>
	</object>
	<object>
		<name>gun</name>
		<pose>Unspecified</pose>
		<truncated>0</truncated>
		<difficult>0</difficult>
		<bndbox>
			<xmin>114</xmin>
			<ymin>204</ymin>
			<xmax>149</xmax>
			<ymax>239</ymax>
		</bndbox>
	</object>
</annotation>
