<annotation>
	<folder>gun</folder>
	<filename>armas (2794).jpg</filename>
	<path>demo/gun\armas (2794).jpg</path>
	<source>
		<database>Unknown</database>
	</source>
	<size>
		<width>600</width>
		<height>423</height>
		<depth>3</depth>
	</size>
	<segmented>0</segmented>
	<object>
		<name>gun</name>
		<pose>Unspecified</pose>
		<truncated>1</truncated>
		<difficult>0</difficult>
		<bndbox>
			<xmin>177</xmin>
			<ymin>47</ymin>
			<xmax>404</xmax>
			<ymax>423</ymax>
		</bndbox>
	</object>
</annotation>
